:020000041000EA
:10000000000010209D940010D9940010DB94001083
:10001000DD940010DF940010E19400100000000057
:10002000000000000000000000000000E394001049
:10003000E594001000000000E7940010995C0010A7
:10004000ED940010EF9400109164001035640010DE
:10005000F59400104D62001061620010756200108E
:10006000FD940010FF9400100195001003950010FE
:10007000059500102D5D0010FD610010116200104B
:100080000D9500100F95001011950010139500109C
:100090001595001017950010199500101B9500106C
:1000A000F35C0010015D00100F5D0010239500103F
:1000B0005563001063630010716300107F630010CC
:1000C0002D9500102F95001025620010339500101B
:1000D000415D001037950010399500103B950010D8
:1000E0003D9500103F95001041950010439500107C
:1000F0004595001047950010499500104B9500104C
:100100004D9500104F95001051950010539500101B
:100110005595001057950010599500105B950010EB
:100120005D9500105F9500101D5D00106395001037
:100130006595001067950010555D00106B950010D7
:100140006D9500106F95001071950010739500105B
:100150008D6300109B630010A9630010B76300104B
:10016000C5630010D3630010E1630010EF6300105B
:10017000FD6300100B640010196400102764001068
:100180008D9500108F95001091950010939500109B
:100190009595001097950010999500109B9500106B
:1001A000396200109F950010A1950010A3950010D2
:1001B000A5950010A7950010A9950010AB9500100B
:1001C000AD950010AF950010B1950010B3950010DB
:1001D000B5950010B7950010B9950010BB950010AB
:1001E000BD950010BF950010C1950010C39500107B
:1001F000C5950010C7950010C9950010CB9500104B
:100200000348044B834202D0034B03B118477047A5
:100210002006002020060020000000000548064BB4
:100220001B1AD90F01EBA301491002D0034B03B1F4
:10023000184770472006002020060020000000001C
:1002400010B5064C237843B9FFF7DAFF044B13B11E
:100250000448AFF300800123237010BD2006002066
:1002600000000000B0B9001008B5044B1BB10449F0
:100270000448AFF30080BDE80840CFE7000000006D
:1002800024060020B0B9001080B584B000AF7860BB
:10029000124B1B68002B02D1104B114A1A600F4BF6
:1002A0001B68FB600D4B1A687B6813441A460D4BA4
:1002B0009A4207D909F0F6FB03460C221A604FF068
:1002C000FF3306E0054B1A687B681344034A13604A
:1002D000FB6818461037BD4680BD00BF3C060020B5
:1002E000E811002000F00F2080B485B000AF4FF07F
:1002F00080439B6803F46063BB60BB68B3F5606FC9
:100300002BD0BB68B3F5606F3FD8BB68B3F5406FC7
:1003100034D0BB68B3F5406F37D8BB68B3F5206FF6
:1003200025D0BB68B3F5206F2FD8BB68B3F5006F3D
:100330001AD0BB68B3F5006F27D8BB68B3F5C06FA0
:100340000ED0BB68B3F5C06F1FD8BB68002B12D0AE
:10035000BB68B3F5806F15D017E0174BFB6017E053
:100360004FF4FA53FB6013E0144BFB6010E04FF4C2
:10037000E103FB600CE0124BFB6009E04FF400432B
:10038000FB6005E00F4BFB6002E00C4BFB6000BF25
:100390004FF080439B689B0903F007037B60FA687A
:1003A0007B6822FA03F3084A136000BF1437BD4686
:1003B0005DF8047B704700BF0080BB00000E27077C
:1003C000008793030048E8014006002080B400AF96
:1003D00000231846BD465DF8047B704780B400AF2B
:1003E00000BFBD465DF8047B704780B400AF0023BA
:1003F0001846BD465DF8047B704780B400AF00BF6F
:10040000BD465DF8047B704780B500AF00BF00BFFC
:10041000194B1A4A9A601A4B01221A60194B402252
:100420001A60174B00221A60174801F07FF916482E
:1004300001F087F9144801F079F90F4BD3F88830AF
:100440000D4A43F47003C2F88830BFF34F8F00BFEA
:10045000BFF36F8F00BF042002F0FEFBFFF744FFE5
:10046000FFF7CBFFFFF7BAFFFFF7BFFF05F0DEFC9A
:1004700062B600BF00BF80BD00ED00E000000010CC
:10048000000C00400C04004000A0024080B582B087
:1004900000AF78607B68002B43DB7B680F2B40DC70
:1004A00023497A6813469B0013449B000B441B6846
:1004B000002B36D001211F4802F084FA0346002B9E
:1004C00002D06FF005032EE019497A6813469B00AD
:1004D00013449B000B4400221A6015497A681346A6
:1004E0009B0013449B000B440C331B6800221A60D2
:1004F0000F497A6813469B0013449B000B440C334E
:1005000019680B487A6813469B0013449B00034408
:100510000C331B684A685A60064802F07AFA0023D6
:1005200001E06FF0020318460837BD4680BD00BFEA
:10053000440600208407002080B485B000AF7860B6
:10054000134B1B78002B1CD10023FB6013E000230E
:10055000BB600AE00F49FB685A01BB6813440022E4
:1005600041F82320BB680133BB60BB681F2BF1DD62
:10057000FB680133FB60FB68042BE8DD044B0122C0
:100580001A70002318461437BD465DF8047B704787
:10059000880C00208807002080B586B000AF786006
:1005A0007B68002B15D07B68012B10D07B68022B59
:1005B0000BD07B68032B06D07B68042B01D1214B29
:1005C00008E0002306E0204B04E0204B02E0204B33
:1005D00000E0204BFB60F86800F0AAFA78617969C6
:1005E000F86800F08BFA00233B6123E07B6903F09D
:1005F0000103002B18D018497B685A013B6913444A
:1006000051F82330002B0FD013497B685A013B6906
:10061000134451F8233011487A6851013A690A4469
:1006200050F82220104698473B6901333B617B69B3
:100630005B087B617B69002BD8D100BF00BF1837F6
:10064000BD4680BD00C000400004084000A000403E
:10065000009000400080004088070020080A002029
:1006600080B400AF034B1B781846BD465DF8047B91
:10067000704700BF890C002080B582B000AF786061
:100680007B6803F00103002B02D0002002F010FA77
:100690007B6803F00203002B02D0012002F008FA6D
:1006A0007B6803F00403002B02D0022002F000FA62
:1006B0007B6803F00803002B02D0402002F0F8F919
:1006C0007868FFF739FF034618460837BD4680BDF6
:1006D00080B586B000AF78607B681B683B617B6843
:1006E0001B68964A93421ED07B681B68944A9342CB
:1006F00017D07B681B68934A934210D07B681B68B5
:10070000914A934209D07B681B68904A934201D179
:10071000042309E04FF0FF3306E0032304E0022343
:1007200002E0012300E00023FB60FB68B3F1FF3F20
:1007300002D16FF00203CEE10122FB6802FA03F35B
:100740001846FFF799FF00F03BFA0346012B01D151
:100750000023C0E1FB68032B0DDC7B68997A7B6882
:100760005B681A46386900F0FDF978617B69002BF7
:1007700001D07B69AFE1FB68032B09DC7B68197A48
:100780007B685B681A46386900F06AFA786176E03F
:1007900000237B617B681B7A022B06D0022B6ADC6C
:1007A000002B45D0012B21D065E0694B1A6A7B688C
:1007B0005B685B0003F002017B685B681B0103F070
:1007C00020030B43624913430B62614B9A687B68B9
:1007D0005B685B0003F002017B685B685B0803F009
:1007E00001030B435A4913438B6048E0584B1A6A84
:1007F0007B685B685B0003F002017B685B681B0140
:1008000003F020030B43524913430B62504B9A6889
:100810007B685B685B0003F002017B685B685B08D8
:1008200003F001030B43DB43494913408B6026E08F
:10083000474B1A6A7B685B685B0003F002017B68C8
:100840005B681B0103F020030B43DB43404913406B
:100850000B623F4B9A687B685B685B0003F00201A8
:100860007B685B685B0803F001030B43DB4338499B
:1008700013408B6003E06FF010037B6100BF7B6966
:10088000002B01D07B6926E1FB68032B00F39880E5
:100890007B685B7A042B00F2908001A252F823F06F
:1008A000B50800100909001087090010D7080010CA
:1008B000550900103B691A6E7B685B68DB431A4080
:1008C0003B691A663B695A6E7B685B68DB431A407A
:1008D0003B695A66F0E03B691A6E7B685B681A43B5
:1008E0003B691A663B695A6E7B685B68DB431A405A
:1008F0003B695A663B69D3F8B8207B685B681A434A
:100900003B69C3F8B820D7E03B691A6E7B685B6827
:100910001A433B691A663B695A6E7B685B68DB4326
:100920001A403B695A663B69D3F8B8207B685B681C
:10093000DB431A403B69C3F8B820BDE000800040AB
:100940000090004000A000400004084000C00040AB
:10095000006C00403B691A6E7B685B68DB431A40A1
:100960003B691A663B695A6E7B685B681A433B6950
:100970005A663B69D3F8B8207B685B681A433B69C9
:10098000C3F8B82098E03B691A6E7B685B68DB436C
:100990001A403B691A663B695A6E7B685B681A436A
:1009A0003B695A663B69D3F8B8207B685B68DB43D8
:1009B0001A403B69C3F8B8207EE06FF002038AE07A
:1009C0007B685B7A042B74D801A252F823F000BF35
:1009D000E5090010070A0010610A0010070A00105C
:1009E000610A00103E4B1A6A7B685B689B0003F04B
:1009F00004017B685B685B0103F040030B433849EB
:100A000013430B6258E0364B1A6A7B685B685B00E5
:100A100003F002017B685B681B0103F020031943AC
:100A20007B685B689B0003F004007B685B685B018C
:100A300003F0400303430B43DB43294913400B629C
:100A4000274B1A6A7B685B6803F001017B685B686F
:100A5000DB0003F010030B43214913430B622BE02F
:100A60001F4B1A6A7B685B685B0003F002017B68BE
:100A70005B681B0103F0200319437B685B689B00E4
:100A800003F004007B685B685B0103F040030343F1
:100A900019437B685B6803F001007B685B68DB00DF
:100AA00003F0100303430B43DB430D4913400B6278
:100AB00002E06FF002030EE07B681B7A002B01D18D
:100AC000002308E07B68D97A7B685B681A4638693E
:100AD00000F064F8034618461837BD4680BD00BFD5
:100AE000006C004080B582B000AF78607868FFF796
:100AF00053FD00BF0837BD4680BD000080B582B001
:100B000000AF786039607B68074A934205D1074A95
:100B10003B6803F00303536203E03968786800F030
:100B200056F80837BD4680BD00C000400068004050
:100B300080B582B000AF78607B68084A934204D1E8
:100B4000074B5B6A03F0030303E0786800F04DF89D
:100B5000034618460837BD4680BD00BF00C00040B0
:100B60000068004080B584B000AFF8600B467A6042
:100B7000FB72FB68084A934202D16FF0100306E053
:100B8000FB7A7A681946F86800F03BF80346184685
:100B90001037BD4680BD00BF00C0004080B584B0A6
:100BA00000AFF8600B467A60FB72FB7A7A681946F0
:100BB000F86800F0E1F8034618461037BD4680BDDE
:100BC00080B500AFFFF74CFD0346184680BD80B4EA
:100BD00083B000AF786039607B683A689A6400BF80
:100BE0000C37BD465DF8047B704780B483B000AF1E
:100BF00078607B681B6C18460C37BD465DF8047B3B
:100C0000704780B584B000AFF8600B467A60FB7225
:100C1000FFF7D6FF0346012B01D100231CE0FB7A2E
:100C2000002B02D0012B0AD012E0FB68D3F8C020C1
:100C30007B68DB431A40FB68C3F8C0200BE0FB680D
:100C4000D3F8C0207B681A43FB68C3F8C02002E0D9
:100C50006FF0020300E0002318461037BD4680BD48
:100C600080B584B000AFF8600B467A60FB72FFF786
:100C7000A7FF0346012B01D1002379E0FB681A6B23
:100C80007B681A43FB681A63FB687A685A60FB7AD0
:100C9000052B69D801A252F823F000BFB50C001053
:100CA000D70C0010F90C0010150D0010310D0010BC
:100CB0004D0D0010FB687A685A61FB687A685A60CB
:100CC000FB687A681A67FB687A68DA67FB687A6893
:100CD000C3F888204BE0FB687A681A61FB687A6881
:100CE0005A60FB687A681A67FB687A68DA67FB689B
:100CF0007A68C3F888203AE0FB687A68C3F88820ED
:100D0000FB687A68DA67FB687A681A67FB687A6852
:100D10009A602CE0FB687A68C3F88820FB687A68E0
:100D2000DA67FB687A68DA66FB687A689A601EE0C0
:100D3000FB687A68C3F88820FB687A689A67FB6862
:100D40007A681A67FB687A689A6010E0FB687A68CC
:100D5000C3F88820FB687A689A67FB687A68DA6665
:100D6000FB687A689A6002E06FF0020300E00023FB
:100D700018461037BD4680BD80B584B000AFF8601E
:100D80000B467A60FB72FFF71BFF0346012B01D174
:100D9000002368E0FB7A032B52D801A252F823F01B
:100DA000B10D0010D70D0010FB0D00101F0E00102C
:100DB000FB68D3F8B0207B68DB431A40FB68C3F8BC
:100DC000B020FB68D3F8B4207B68DB431A40FB6893
:100DD000C3F8B42046E0FB68D3F8B0207B681A4320
:100DE000FB68C3F8B020FB68D3F8B4207B68DB4312
:100DF0001A40FB68C3F8B42034E0FB68D3F8B02095
:100E00007B68DB431A40FB68C3F8B020FB68D3F86B
:100E1000B4207B681A43FB68C3F8B42022E0FB6867
:100E2000D3F8B0207B681A43FB68C3F8B020FB6896
:100E3000D3F8B4207B681A43FB68C3F8B42011E0F0
:100E4000FB68D3F8B0207B68DB431A40FB68C3F82B
:100E5000B020FB68D3F8B4207B68DB431A40FB6802
:100E6000C3F8B420002318461037BD4680BD00BF2C
:100E700080B582B000AF7860786800F035F803463E
:100E800018460837BD4680BD80B584B000AFF86015
:100E9000B9607A607A68B968F86800F043F8034688
:100EA00018461037BD4680BD80B584B000AFF860ED
:100EB000B9607A607A68B968F86800F05EF803464D
:100EC00018461037BD4680BD80B582B000AF78604F
:100ED000044B1B681946786800F0DAFB00BF08373E
:100EE000BD4680BD0000002080B483B000AF7860B4
:100EF0007B68002B02D14FF0FF330DE07B681B6B4A
:100F000043F004027B681A6300BF7B681B6B03F02D
:100F10000403002BF9D1002318460C37BD465DF8B9
:100F2000047B704780B487B000AFF860B9607A6026
:100F300000237B61FB68002B02D0BB68002B0BD128
:100F40004FF0FF3313E0FB68D96A7B695A1C7A6162
:100F5000BA681344CAB21A707A687B699A4205D992
:100F6000FB685B6803F00203002BECD07B6918463A
:100F70001C37BD465DF8047B704780B487B000AF76
:100F8000F860B9607A6000237B61FB68002B02D0B7
:100F9000BB68002B0CD14FF0FF3314E07B695A1C67
:100FA0007A61BA6813441B78DBB21A46FB68DA62CE
:100FB0007A687B699A4205D9FB685B6803F0100385
:100FC000002BEBD07B6918461C37BD465DF8047BCF
:100FD000704780B483B000AF78607B68DB6943F012
:100FE00080027B68DA6100BF7B68DB6903F0800305
:100FF000002BF9D100BF00BF0C37BD465DF8047B64
:10100000704780B483B000AF78607B685B6A43F060
:1010100080027B685A6200BF7B685B6A03F08003D2
:10102000002BF9D100BF00BF0C37BD465DF8047B33
:10103000704780B485B000AFF860B9607A60FB6833
:10104000BA689A60FB687A681A6100BF1437BD46B7
:101050005DF8047B7047000080B584B000AF786015
:1010600039607B68114A93420ED07B68104A9342E4
:1010700008D07B680F4A934201D1022305E04FF06C
:10108000FF3302E0012300E000230B4A52F8233033
:10109000FB60FB68DB69002B04D0FB68DB69396807
:1010A000F868984700BF1037BD4680BD00D00140AA
:1010B00000E0014000F001408C0C002080B483B0BF
:1010C00000AF78607B680022DA607B6800225A619A
:1010D0007B689A687B689A607B681A697B681A618A
:1010E0007B680E4A93420ED07B680D4A934208D02B
:1010F0007B680C4A934201D1022305E04FF0FF3395
:1011000002E0012300E00023074A002142F82310F7
:1011100000BF0C37BD465DF8047B704700D001402E
:1011200000E0014000F001408C0C002080B586B04A
:1011300000AF7860924A7B6852F823307B61914A15
:101140007B6852F823303B617B68002B0BD07B68B7
:10115000012B06D07B68022B01D18B4B04E00023CE
:1011600002E08A4B00E08A4BFB608A4A7B6852F8B7
:101170002330BB60FB689B6803F4FE43002B19D04F
:10118000FB689A68FB689A60FB681A69FB681A61D9
:10119000FB680022DA60FB6800225A61F868FFF7FA
:1011A00067FE6FF00801F868FFF756FFF868FFF771
:1011B00085FFE2E0BB68DB687A699A4243D2FB684C
:1011C0009B6803F02003002B13D0BB689A687B69EF
:1011D000D118BB68DA687B69D31A1A46F868FFF73A
:1011E00063FE03461A467B6913447B61FB68202239
:1011F0009A60BB68DB687A699A4206D2FB68DB6852
:1012000043F02002FB68DA6005E0FB68DB6823F04E
:101210002002FB68DA60BB68DB687A699A4212D107
:10122000BB685B69002B0ED0FB681B6B43F00202AE
:10123000FB681A63FB6801229A60FB68DB6843F075
:101240000102FB68DA60BB685B693A699A4219D2AD
:10125000FB689B6803F01103002B13D0BB681A696D
:101260003B69D118BB685A693B69D31A1A46F868BA
:10127000FFF70AFE03461A463B6913443B61FB68CD
:1012800010229A60BB68DB687A699A423AD1BB68DF
:101290005B693A699A4235D0FB689B6803F00103A9
:1012A000002B2FD0FB6801229A603B69002B06D1EE
:1012B000BB685B685B0043F00102FB68DA62BB68F5
:1012C0005A693B69D31AB3F5807F03D9FB680022C2
:1012D0001A6205E0BB685A693B69D21AFB681A6258
:1012E000BB685B693A699A4206D2FB68DB6843F0E7
:1012F0001102FB68DA6005E0FB68DB6823F011028D
:10130000FB68DA60BB68DB687A699A422BD1BB68FC
:101310005B693A699A4226D1FB680022DA60FB6871
:1013200000225A61FB689A68FB689A60FB681A6938
:10133000FB681A61BB689B69002B06D0FB681B6BBE
:1013400043F00202FB681A6305E0FB681B6B43F085
:101350000402FB681A630021F868FFF77DFEF86855
:10136000FFF7ACFE09E006497B687A6941F8232063
:1013700004497B683A6941F823201837BD4680BD8F
:10138000980C0020A40C002000F0014000E0014077
:1013900000D001408C0C002080B586B000AFF86012
:1013A000B9607A603B60FB689B687B613B680022A8
:1013B0001A607B6903F4FE43002B36D03B686FF064
:1013C00008021A60BB68002B04D0BB683A6804218D
:1013D000F868984707226FF07F41F868FFF729FE09
:1013E000F868FFF70EFEF868FFF7F3FD7B68002250
:1013F0001A607B68043300221A60FB68924A9342A9
:101400000ED0FB68914A934208D0FB68904A934201
:1014100001D1022305E04FF0FF3302E0012300E099
:1014200000238C4A002142F823107B681B6803F0DC
:101430001003002B06D17B6804331B6803F0010303
:10144000002B20D07B6903F01003002B0AD0BB686F
:10145000002B04D0BB6800220221F8689847FB6883
:1014600010229A60FB681B6903F00103002B0AD06D
:10147000BB68002B04D0BB6800220621F86898479F
:10148000FB6801221A617B681A6848F22003134046
:10149000002B06D17B6804331B6803F00203002B8A
:1014A00053D07B6903F02003002B0AD0BB68002BCC
:1014B00004D0BB6800220321F8689847FB6820220B
:1014C0009A60FB681B6903F00203002B0AD0BB681B
:1014D000002B04D0BB6800220521F8689847FB6800
:1014E00002221A617B6903F40043002B2DD03B6874
:1014F00000221A60BB68002B04D0BB683A68042144
:10150000F8689847FB684FF400429A607B680022B5
:101510001A607B68043300221A60FB684A4A9342CF
:101520000ED0FB68494A934208D0FB68484A934270
:1015300001D1022305E04FF0FF3302E0012300E078
:101540000023444A002142F823107B681B6803F003
:101550000103002B3DD07B6903F04003002B2DD00D
:101560003B6800221A60BB68002B04D0BB683A6855
:101570000421F8689847FB6840229A607B68002243
:101580001A607B68043300221A60FB682E4A93427B
:101590000ED0FB682D4A934208D0FB682C4A934238
:1015A00001D1022305E04FF0FF3302E0012300E008
:1015B0000023284A002142F823100AE07B6903F047
:1015C0000103002B05D0FB6801229A607B6808228A
:1015D0001A607B681B6803F00803002B53D07B69FB
:1015E00003F00803002B4ED07B6903F04003002B6F
:1015F00007D07B6903F00103002B02D1FB68402276
:101600009A60FB681B6803F40063002B24D0BB685E
:10161000002B04D0BB6800220121F8689847FB68C2
:101620004FF480029A60FB6808229A60FB684FF4CE
:1016300000429A607B684FF621721A607B6804331F
:1016400002221A601FE000BF00D0014000E001400C
:1016500000F001408C0C0020BB68002B04D0BB685C
:1016600000220021F8689847FB684FF400029A6056
:10167000FB6808229A607B6847F611721A607B68E3
:10168000043301221A6000BF1837BD4680BD00BF79
:1016900080B588B000AF786039607B681F4A93429C
:1016A0000ED07B681E4A934208D07B681D4A934245
:1016B00001D1022305E04FF0FF3302E0012300E0F7
:1016C0000023FB61FB69002B23DB7B681B6803F0B5
:1016D0000203002B03D0F869FFF728FD1AE0124A35
:1016E000FB6952F82330BB617B68DB68FB607B6879
:1016F0005B693B6107F1140307F10C02B969786873
:10170000FFF74AFEFA687B68DA603A697B685A61DB
:1017100000E000BF2037BD4680BD00BF00D00140C3
:1017200000E0014000F001408C0C002080B582B048
:1017300000AF7860786800F01EF800BF0837BD463B
:1017400080BD80B582B000AF7860786800F03EF868
:1017500000BF0837BD4680BD80B483B000AF78605D
:101760007B68D3F8003103F4803318460C37BD464C
:101770005DF8047B704780B582B000AF78607B680D
:10178000D3F8003123F001027B68C3F800217B68A5
:101790000122C3F8002700BF7868FFF7DDFF03468A
:1017A000002BF9D07B68D3F8003143F001027B684D
:1017B000C3F8002100BF7868FFF7CEFF0346002B77
:1017C000F9D000BF00BF0837BD4680BD80B483B0EC
:1017D00000AF78607B68D3F8003123F001027B68AA
:1017E000C3F8002100BF0C37BD465DF8047B70478D
:1017F00080B582B000AF78607968044800F044F8A2
:10180000034618460837BD4680BD00BF0060004053
:1018100080B582B000AF78607968044800F059F86C
:10182000034618460837BD4680BD00BF0060004033
:1018300080B500AF024800F072F80346184680BD3C
:101840000060004080B582B000AF786079680448DD
:1018500000F073F8034618460837BD4680BD00BF48
:101860000060004080B400AF00BF064B1B6903F06E
:101870000803002BF9D100BF00BFBD465DF8047B13
:10188000704700BF0060004080B582B000AF786054
:1018900039603B6803F026033B603B68002B02D1B4
:1018A0006FF0020311E0FFF7DDFF7B681A693B6808
:1018B0001A437B681A613B6823F020033B603B6856
:1018C000002B01D0FFF7CEFF002318460837BD4696
:1018D00080BD80B582B000AF786039603B6803F0AE
:1018E00026033B603B68002B02D16FF0020312E03D
:1018F000FFF7B8FF7B681A693B68DB431A407B68D7
:101900001A613B6823F020033B603B68002B01D049
:10191000FFF7A8FF002318460837BD4680BD80B4F6
:1019200083B000AF78607B681B6903F0D003184672
:101930000C37BD465DF8047B704780B483B000AFC0
:10194000786039607B681A693B6803F0D003DB4339
:101950001A407B681A61002318460C37BD465DF8B3
:10196000047B704780B58CB002AFF8607B600B469B
:10197000FB721346BB72FB7A7B62BB7A3B627B686D
:10198000FB6197F83030BB617B6B7B61FB687F4A02
:1019900093421AD0FB687E4A934214D0FB687D4A7A
:1019A00093420ED0FB687C4A934208D0FB687B4A86
:1019B000934201D1042309E04FF0FF3306E00323F3
:1019C00004E0022302E0012300E000233B61FB6905
:1019D000042B02DD6FF00203D3E03B69022B08DC2D
:1019E0006F4B1B685A087B699A4202D26FF0020360
:1019F000C7E03B69022B07DD7A69694B1B689A4295
:101A000002D96FF00203BCE0FB68604A93421ED12A
:101A10000D2001F0E1F9062001F04AF86148FEF7D7
:101A200057FE97F83830002B02D05F48FEF750FE83
:101A300097F83930002B02D05C48FEF749FE97F842
:101A40003A30002B00F092806FF0020399E0FB68BF
:101A50004F4A93421ED10E2001F0BEF9072001F03B
:101A600027F85348FEF734FE97F83830002B02D0A1
:101A70005048FEF72DFE97F83930002B02D04E4823
:101A8000FEF726FE97F83A30002B6FD04B48FEF752
:101A90001FFE6BE0FB683F4A93421ED10F2001F00E
:101AA0009BF9082001F004F84548FEF711FE97F86D
:101AB0003830002B02D04348FEF70AFE97F8393041
:101AC000002B02D04048FEF703FE97F83A30002B77
:101AD0004CD03E48FEF7FCFD48E0FB682E4A93429E
:101AE0001ED12B2001F078F9302000F0E1FF3848BA
:101AF000FEF7EEFD97F83830002B02D03548FEF7A0
:101B0000E7FD97F83930002B02D03348FEF7E0FDAF
:101B100097F83A30002B29D03048FEF7D9FD25E060
:101B2000FB681E4A93421ED12D2001F055F9312049
:101B300000F0BEFF2A48FEF7CBFD97F83830002BA7
:101B400002D02848FEF7C4FD97F83930002B02D0A8
:101B50002548FEF7BDFD97F83A30002B06D0234804
:101B6000FEF7B6FD02E06FF001030AE0BB697A6997
:101B700001920093FB693A6A796AF86800F0BCF94F
:101B8000034618462837BD4680BD00BF00600440AC
:101B9000007004400080044000E00B4000E40B4073
:101BA0004006002090B700109CB70010A8B70010A6
:101BB000B4B70010C0B70010CCB70010D8B70010F1
:101BC000E4B70010F0B70010FCB7001008B8001020
:101BD00014B8001020B800102CB8001038B800104D
:101BE00044B8001050B800105CB8001068B800107D
:101BF00080B584B000AF78607B68294A93421AD0E0
:101C00007B68284A934214D07B68274A93420ED0BF
:101C10007B68264A934208D07B68254A934201D1CB
:101C2000042309E04FF0FF3306E0032304E002231E
:101C300002E0012300E00023FB60786800F05CFA1A
:101C40007B68174A934203D1062000F0F3FE22E09E
:101C50007B68144A934203D1072000F0EBFE1AE0A0
:101C60007B68114A934203D1082000F0E3FE12E0A2
:101C70007B680E4A934203D1302000F0DBFE0AE07D
:101C80007B680B4A934203D1312000F0D3FE02E07F
:101C90006FF0010300E0002318461037BD4680BDF9
:101CA00000600440007004400080044000E00B40ED
:101CB00000E40B4080B485B000AF78600023FB6087
:101CC0007B68434A93420FD07B68424A93420BD0D1
:101CD0007B68414A934207D07B68404A934203D0D5
:101CE0007B683F4A934218D17B68394A93420FD0B0
:101CF0007B68384A93420BD07B68374A934207D0BF
:101D00007B68364A934208D07B68354A934204D0B8
:101D1000344B1B685B08FB604FE07B682C4A9342A6
:101D200048D07B682B4A934244D07B682A4A93422E
:101D300040D07B68294A934203D07B68284A93426B
:101D400038D14FF080439B685B0A03F00703BB6008
:101D5000BB68072B2AD801A252F823F0911D00106E
:101D6000AD1D0010831D0010971D00107D1D00107B
:101D7000891D00109F1D0010A71D00101A4BFB604D
:101D800017E01A4BFB6014E04FF4E103FB6010E036
:101D9000174BFB600DE04FF4FA53FB6009E04FF482
:101DA0000043FB6005E0134BFB6002E06FF00203B1
:101DB00007E002E06FF0020303E0FB68DA0F134470
:101DC0005B1018461437BD465DF8047B704700BFB2
:101DD00000600440007004400080044000E00B40BC
:101DE00000E40B4040060020000E27070048E801F1
:101DF000008793030080BB0080B582B000AF78609D
:101E000039603968786800F045FA034618460837A3
:101E1000BD4680BD80B582B000AF7860396039685A
:101E2000786800F09FFA034618460837BD4680BD23
:101E300080B582B000AF7860786800F015FB03468B
:101E400018460837BD4680BD80B582B000AF7860C7
:101E50000B46FB70FB781946786800F01DFB0346C3
:101E600018460837BD4680BD80B582B000AF7860A7
:101E70000B46FB70FB781946786800F049FB034677
:101E800018460837BD4680BD80B584B000AFF86005
:101E9000B9607A607A68B968F86800F089FB03462F
:101EA00018461037BD4680BD80B582B000AF78605F
:101EB000786800F0DFFB034618460837BD4680BD52
:101EC00080B584B000AFF860B9607A607A68B968AC
:101ED000F86800F0DEFB034618461037BD4680BDAB
:101EE00080B582B000AF7860786800F030FC0346BF
:101EF00018460837BD4680BD80B586B000AFF86093
:101F0000B9607A603B60FB68744A93421AD0FB6800
:101F1000734A934214D0FB68724A93420ED0FB6816
:101F2000714A934208D0FB68704A934201D104235E
:101F300009E04FF0FF3306E0032304E0022302E050
:101F4000012300E000237B617B69002B02DA6FF044
:101F50000203BEE066497A6913469B001344DB0026
:101F60000B4400221A6062497A6913469B001344AD
:101F7000DB000B44083300221A605D497A6913467E
:101F80009B001344DB000B440C3301221A605849B8
:101F90007A6913469B001344DB000B441033002284
:101FA0001A6053497A6913469B001344DB000B44C3
:101FB0001C3300221A604E497A6913469B00134471
:101FC000DB000B44203300221A6049497A6913462A
:101FD0009B001344DB000B4414336FF001021A60C2
:101FE00043497A6913469B001344DB000B441833C2
:101FF0006FF001021A603E497A6913469B00134450
:10200000DB000B44273301221A70FB6801225A605F
:10201000FB68384A1A61BB68002B06D0FB685B6816
:1020200043F00202FB685A6005E0FB685B6823F03E
:102030000202FB685A60796AF868FFF7DDFE3B6AC6
:10204000FF2B02D96FF0020343E0FB68DA683B6ABA
:102050001B041A43FB68DA60FB681A6AFB681A62A1
:1020600023497A6913469B001344DB000B44273352
:102070001B78002B23D03B68012B05D1FB685B68E4
:1020800043F48032FB685A603B68022B05D1FB6841
:102090005B6843F44032FB685A603B68032B05D110
:1020A000FB685B6843F4E022FB685A603B68042BE2
:1020B00005D1FB685B6843F47022FB685A607B685B
:1020C000002B05D0FB68DB6843F40052FB68DA6044
:1020D000002318461837BD4680BD00BF006004408D
:1020E000007004400080044000E00B4000E40B401E
:1020F000B00C00200101010080B584B000AF786011
:102100007B685E4A93421AD07B685D4A934214D042
:102110007B685C4A93420ED07B685B4A934208D04E
:102120007B685A4A934201D1042309E04FF0FF3300
:1021300006E0032304E0022302E0012300E0002381
:10214000FB607B6800225A627B681A6A7B681A62AD
:102150007B685B6823F001027B685A607B68DB69FF
:1021600023F040127B68DA614949FA6813469B0004
:102170001344DB000B441B68002B2AD04449FA6847
:1021800013469B001344DB000B441B68BB60FA68DA
:1021900013469B001344DB003D4A1344184600F0ED
:1021A00038FC3B49FA6813469B001344DB000B44A0
:1021B0001B685B6A002B0CD03549FA6813469B00FC
:1021C0001344DB000B441B685B6A6FF00E01B868B8
:1021D00098477B6800225A607B6800229A607B687F
:1021E0000022DA607B6800221A612949FA681346E6
:1021F0009B001344DB000B4414331B68002B16DBDD
:102200002349FA6813469B001344DB000B44143344
:102210001B681846FEF73AF91D49FA6813469B00F9
:102220001344DB000B4414336FF001021A601849A9
:10223000FA6813469B001344DB000B4418331B68F9
:10224000002B16DB1249FA6813469B001344DB008F
:102250000B4418331B681846FEF718F90C49FA6846
:1022600013469B001344DB000B4418336FF001024C
:102270001A60002318461037BD4680BD0060044038
:10228000007004400080044000E00B4000E40B407C
:10229000B00C002080B586B000AF78603960304B5C
:1022A0001B685B083A689A4202D96FF0020353E058
:1022B0007868FFF7FFFC0346BB60BA683B68B2FB77
:1022C000F3F3BB60BB685B087B61BB685B083B6189
:1022D0000023FB60BB6803F00103002B10D07B6977
:1022E00001337B610CE07B69DA0F13445B107B6187
:1022F0003B69DA0F13445B103B61FB680133FB6001
:102300007B690F2B02DDFB68072BECDDFB68082BDC
:1023100003D10F233B610F237B617B685B6923F053
:10232000FF023B69DBB21A437B685A617B685B69D9
:1023300023F47F427B691B029BB21A437B685A617C
:102340007B685B6923F47022FB681B0403F4702331
:102350001A437B685A61002318461837BD4680BD72
:102360004006002080B485B000AF786039603B68DB
:10237000012B02D03B68102B02DD6FF0020360E0FE
:102380007B68334A93421AD07B68324A934214D016
:102390007B68314A93420ED07B68304A934208D022
:1023A0007B682F4A934201D1042309E04FF0FF33A9
:1023B00006E0032304E0022302E0012300E00023FF
:1023C000FB607B681B6B03F00103002B37D12549B1
:1023D000FA6813469B001344DB000B440C331B6864
:1023E000012B2CD17B685B6823F001027B685A606B
:1023F00039681C48FA6813469B001344DB00034409
:10240000083319603B680F2B0BDC7B68DB6823F417
:1024100070623B681B0203F470631A437B68DA60E6
:1024200005E07B68DB6823F470627B68DA607B68B8
:102430005B6843F001027B685A60002301E06FF0A3
:10244000060318461437BD465DF8047B704700BF8D
:1024500000600440007004400080044000E00B4035
:1024600000E40B40B00C002080B483B000AF786073
:102470007B68DB6803F47063002B01D1102304E058
:102480007B68DB681B0A03F00F0318460C37BD4658
:102490005DF8047B7047000080B483B000AF7860C3
:1024A0000B46FB707B68DB6823F430427B68DA60A4
:1024B000FB78032B24D801A252F823F0CD2400107E
:1024C000DB240010E5240010F32400107B68DB6897
:1024D00043F400427B68DA6012E07B68DA687B686C
:1024E000DA600DE07B68DB6843F480527B68DA6079
:1024F00006E07B68DB6843F400527B68DA6000BF6B
:10250000002318460C37BD465DF8047B704700BFBA
:1025100080B483B000AF78600B46FB70FB78032B70
:102520003ED801A252F823F039250010532500109F
:102530006D250010872500107B68DB6823F0010201
:102540007B68DA607B68DB6823F002027B68DA6014
:1025500027E07B68DB6843F001027B68DA607B6818
:10256000DB6823F002027B68DA601AE07B68DB68D4
:1025700023F001027B68DA607B68DB6843F00202CB
:102580007B68DA600DE07B68DB6843F001027B6802
:10259000DA607B68DB6843F002027B68DA6000E0A7
:1025A00000BF002318460C37BD465DF8047B70471A
:1025B00080B588B000AFF860B9607A60BB68002B66
:1025C00002D07B68002B01D100234FE0F868FFF7B1
:1025D0006BFCB861F868FFF72BFC03467B617A68F7
:1025E000BB699A4201D9BB697B607B69082B03D91F
:1025F0007B6823F001037B600023FB6132E07B6991
:10260000082B23D97B68032B0CD9BA68FB691344C8
:10261000FA6812681A607B68043B7B60FB690433CC
:10262000FB610FE07B68012B0CD9BA68FB6913448E
:10263000FA68128892B21A807B68023B7B60FB6961
:102640000233FB617B68012B0CD10EE0FB695A1C45
:10265000FA61BA681344FA681278D2B21A707B68C9
:10266000013B7B607B68002BC9D1FB691846203792
:10267000BD4680BD80B483B000AF78607B68DB6905
:102680001B0E03F03F0318460C37BD465DF8047B74
:10269000704780B588B000AFF860B9607A60BB68F9
:1026A000002B02D07B68002B01D100234BE0F8689F
:1026B000FFF716FCB861F868FFF7BAFB03467B61C9
:1026C0007A68BB699A4201D9BB697B607B69082B38
:1026D00003D97B6823F001037B600023FB612EE0BC
:1026E0007B69082B20D97B68032B0CD9FB68B96860
:1026F000FA690A4412681A607B68043B7B60FB69D4
:102700000433FB611BE07B68012B18D9FB68B968B7
:10271000FA690A44128892B21A807B68023B7B6095
:10272000FB690233FB610AE0FB695A1CFA61BA6873
:1027300013441A78FB681A707B68013B7B607B68E6
:10274000002BCDD1FB6918462037BD4680BD80B433
:1027500083B000AF78607B68DB691B0A03F03F033E
:10276000C3F1200318460C37BD465DF8047B704763
:1027700080B500AF0F4B1B6803F48033002B16D0DD
:102780000D4B1B68002B05DD0B4B1B68013B0A4AF8
:1027900013600CE000F0BEF8084B1B68002B06D05D
:1027A000064B1B6800209847044B00221A6000BFAC
:1027B00080BD00BF10E000E004000020800D00207C
:1027C0002DE9B04386B000AF7860364989687961F9
:1027D0003449096821F4803133480160314909687E
:1027E00001F00101002911D12E496FF07F404860AE
:1027F0002C496FF07F4088602A49052008606FF0FF
:102800007F4179614FF08071396103E02549496862
:102810000131396179680020884681462349096879
:1028200000200A46034602FB09F008FB03F10144BD
:10283000A8FB02454B191D461D4A4FF000032046D8
:10284000294606F0D7FE02460B461346FB60FA689F
:102850003B69B2FBF3F31A46164B1A60FB683A6900
:10286000B3FBF2F2396901FB02F29B1ABB60BA6852
:102870007B699A420CD30F4B1B6801330D4A1360DE
:102880007A69BB68D21A3B6913440B4A136004E0AF
:102890007A69BB68D31A084A136000BF1837BD466F
:1028A000BDE8B08310E000E07C0D00204006002071
:1028B00040420F0004000020780D002080B582B057
:1028C00000AF78603960104A3B6813600F4B1B689B
:1028D000002B02DD6FF0050312E07B68002B01D1B5
:1028E00000230DE07868FFF76BFF084B1B68002B97
:1028F00005DD074B1B68064A43F002031360002303
:1029000018460837BD4680BD800D00200400002019
:1029100010E000E080B500AF0A4B1B68002B07D029
:10292000084B1B686FF00F009847064B00221A6097
:10293000054A064B1B681360054B4FF0FF321A60C7
:1029400000BF80BD800D002010E000E07C0D002065
:102950000400002080B582B000AF7860164B1B6881
:10296000002B02DD6FF0050321E07B68002B01D115
:1029700000231CE07868FFF723FF0AE00F4B1B6879
:1029800003F48033002B04D00B4B1B68013B0A4A35
:102990001360094B1B68002BF0DC00BF074B9A68E3
:1029A000074B1B689A42F9D8FFF7B4FF002318467B
:1029B0000837BD4680BD00BF0400002010E000E0E5
:1029C000780D002080B489B000AF786039607B68F2
:1029D000FB61FB6953E8003FBB61BB69002B02D080
:1029E0006FF005030FE03B687B617B683B613969F1
:1029F0007A6941E80023FB60FB68002BE7D1BFF355
:102A00005F8F00BF002318462437BD465DF8047B66
:102A1000704780B483B000AF7860BFF35F8F00BFB2
:102A20007B6800221A6000BF0C37BD465DF8047B4E
:102A30007047000080B483B000AF0346FB71FB79A0
:102A40003F2B0DD9FB79403BFB71184BDB68FA79C2
:102A5000012101FA02F21146144A0B43D3601EE031
:102A6000FB791F2B0FD9FB79203BFB714FF0804383
:102A70009B6CFA79012101FA02F211464FF0804273
:102A80000B4393640BE04FF080435B6AFA790121BA
:102A900001FA02F211464FF080420B43536200BF2D
:102AA0000C37BD465DF8047B704700BF000008404E
:102AB00080B483B000AF0346FB71FB793F2B0ED986
:102AC000FB79403BFB71194BDB68FA79012101FA74
:102AD00002F2D2431146154A0B40D36020E0FB7945
:102AE0001F2B10D9FB79203BFB714FF080439B6C6F
:102AF000FA79012101FA02F2D24311464FF08042E5
:102B00000B4093640CE04FF080435B6AFA7901213B
:102B100001FA02F2D24311464FF080420B40536259
:102B200000BF0C37BD465DF8047B704700000840CD
:102B300080B582B000AF0346FB71FB79072B6CD8E0
:102B400001A252F823F000BFA12B00101B2C001093
:102B5000D32B0010C72B0010692B0010852B001001
:102B6000FF2B0010BD2B00104FF080439B684FF0EF
:102B7000804243F4002393604FF0006000F056F869
:102B800003464CE04FF080439B684FF0804243F493
:102B9000801393604FF0805000F048F803463EE009
:102BA0004FF080439B684FF0804243F48023936052
:102BB0004FF0806000F03AF8034630E01A48FDF725
:102BC00087FD03462BE04FF0005000F02FF803463E
:102BD00025E04FF080435B6F4FF0804243F01103DC
:102BE00053674FF080439B684FF0804243F480333B
:102BF00093604FF0807000F019F803460FE04FF03B
:102C000080439B684FF0804243F4003393604FF061
:102C1000007000F00BF8034601E06FF00203184665
:102C20000837BD4680BD00BFF4B6001080B582B045
:102C300000AF786000214FF47A70FFF73FFE00BFCD
:102C40004FF080439A687B681340002BF8D0002334
:102C500018460837BD4680BD80B584B000AF034636
:102C6000FB714FF080439B6803F46063FB60FB796A
:102C7000072B00F2918001A252F823F0C72C00101C
:102C8000992D00102F2D0010592D00109D2C001093
:102C9000ED2C00106F2D0010172D00104FF0804309
:102CA0009B6803F40023002B02D10420FFF740FFB0
:102CB0004FF080439B6823F460634FF0804243F4FD
:102CC000006393606BE04FF080439B6803F48023C4
:102CD000002B02D10020FFF72BFF4FF080439B68B1
:102CE0004FF0804223F46063936058E04FF08043DC
:102CF0009B6803F48013002B02D10520FFF718FF17
:102D00004FF080439B6823F460634FF0804243F4AC
:102D10002063936043E00720FFF70AFF4FF08043F2
:102D20009B684FF0804243F46063936037E04FF05C
:102D300080439B6803F48033002B02D10220FFF70D
:102D4000F7FE4FF080439B6823F460634FF08042AE
:102D500043F48063936022E04FF080439B6823F448
:102D600060634FF0804243F4C063936017E04FF01C
:102D700080439B6803F40033002B02D10620FFF749
:102D8000D7FE4FF080439B6823F460634FF080428E
:102D900043F44063936002E06FF0020318E04FF4E5
:102DA0000050FFF743FF0346002B0ED04FF0804347
:102DB0009B6823F46062FB6803F460634FF080411A
:102DC00013438B606FF0090302E0FDF78DFA0023D7
:102DD00018461037BD4680BD80B483B000AF0346AF
:102DE000FB71FB793F2B12D9FB79403BFB71FB79DF
:102DF00001229A401D4B9A6000BF1C4B9B68FA79D8
:102E0000012101FA02F21340002BF6D128E0FB79F0
:102E10001F2B14D9FB79203BFB71FB7901229A40CF
:102E20004FF080435A6400BF4FF080435B6CFA79E7
:102E3000012101FA02F21340002BF5D110E0FB79D9
:102E400001229A404FF080435A6000BF4FF0804308
:102E50005B68FA79012101FA02F21340002BF5D1E7
:102E600000BF0C37BD465DF8047B7047000008408A
:102E700080B582B000AF7860786800F01BF800BFC2
:102E80000837BD4680BD80B582B000AF78607868F5
:102E900000F054F800BF0837BD4680BD80B582B051
:102EA00000AF7860786800F08DF800BF0837BD4645
:102EB00080BD000080B485B000AF78607B68194A9F
:102EC000934220D07B68184A93421AD07B68174AF5
:102ED000934214D07B68164A93420ED07B68154A01
:102EE000934208D07B68144A934201D105230BE03A
:102EF0004FF0FF3308E0042306E0032304E002233D
:102F000002E0012300E00023FB607B68DB6843F004
:102F100001127B68DA6000BF1437BD465DF8047BA0
:102F2000704700BF00000140001001400020014038
:102F300000300140000C08400010084080B485B00B
:102F400000AF78607B68194A934220D07B68184AAA
:102F500093421AD07B68174A934214D07B68164A72
:102F600093420ED07B68154A934208D07B68144A7E
:102F7000934201D105230BE04FF0FF3308E0042317
:102F800006E0032304E0022302E0012300E0002323
:102F9000FB607B689B6943F001227B689A6100BFFC
:102FA0001437BD465DF8047B704700BF0000014048
:102FB000001001400020014000300140000C08409A
:102FC0000010084080B485B000AF78607B68194A73
:102FD000934220D07B68184A93421AD07B68174AE4
:102FE000934214D07B68164A93420ED07B68154AF0
:102FF000934208D07B68144A934201D105230BE029
:103000004FF0FF3308E0042306E0032304E002232B
:1030100002E0012300E00023FB607B689B6923F052
:1030200001227B689A6100BF1437BD465DF8047BBE
:10303000704700BF00000140001001400020014027
:1030400000300140000C08400010084080B582B0FC
:1030500000AF786000BF786800F0A6FC0346002B44
:10306000F9D0786800F048FC034618460837BD469A
:1030700080BD80B582B000AF78603960396878680B
:1030800001F032FB034618460837BD4680BD80B5C7
:1030900082B000AF7860786801F084FB0346184680
:1030A0000837BD4680BD000080B586B000AFF8602F
:1030B000B9601346FB71F86800F05AFF034683F0CD
:1030C0000103DBB2002B08D0F86800F075F87861D6
:1030D0007B69002B01D07B695AE0FB682E4A934242
:1030E00014D0FB682D4A93420ED0FB682C4A9342C1
:1030F00008D0FB682B4A934201D1032307E04FF02D
:10310000FF3304E0022302E0012300E00023032B4D
:1031100026D801A252F823F02931001037310010CF
:1031200045310010533100101F48FDF7D1FA092036
:10313000FFF7BEFC17E01D48FDF7CAFA0A20FFF7AB
:10314000B7FC10E01A48FDF7C3FA2120FFF7B0FCE6
:1031500009E01848FDF7BCFA4420FFF7A9FC02E09B
:103160006FF0020314E0FB791946F86800F0CCFA1E
:1031700078617B69002B01D07B6909E0F86800F079
:1031800061FB03461A46B968F86800F01DFD034666
:1031900018461837BD4680BD00200440003004406A
:1031A000004004400014084000B7001024B700108D
:1031B00048B700106CB7001080B582B000AF7860DF
:1031C0007B68254A934214D07B68244A93420ED0F0
:1031D0007B68234A934208D07B68224A934201D1FC
:1031E000032307E04FF0FF3304E0022302E0012352
:1031F00000E00023032B27D801A252F823F000BFE0
:10320000113200101F3200102D3200103B3200101E
:103210000B20FFF7E1FD0920FFF70CFC17E00C2065
:10322000FFF7DAFD0A20FFF705FC10E01C20FFF78E
:10323000D3FD2120FFF7FEFB09E04420FFF7CCFD82
:103240004420FFF7F7FB02E06FF0020300E00023E9
:1032500018460837BD4680BD0020044000300440B9
:10326000004004400014084080B588B000AFF8600A
:10327000B9601346FB710023BB6100237B61FB68CF
:10328000784A93420ED0FB68774A93420AD0FB6893
:10329000764A934206D0FB68754A934202D06FF09B
:1032A0000203DAE0FB68724A934260D1FB680522B0
:1032B0005A61FB79022B02D0032B11D041E04FF46D
:1032C000E102BB68B2FBF3F37B614FF4E103BA6840
:1032D000B3FBF2F2B96801FB02F29B1ABB6133E067
:1032E000FB681B6843F48032FB681A60FB681B684C
:1032F00043F40012FB681A60BB68B3F5165F04D193
:1033000007237B610023BB610FE04FF48032BB6871
:10331000B2FBF3F37B614FF48033BA68B3FBF2F294
:10332000B96801FB02F29B1ABB61BB68B3F5166F6B
:1033300003D9FB6800225A6106E0FB6801225A614A
:1033400002E06FF0020388E07B69002B04D0BB68C9
:103350005A08BB699A4202D27B6901337B617A6960
:10336000FB681A61F86800F089F8F86164E0FB68AE
:1033700005225A61FB79022B32D0022B47DC002B4D
:1033800002D0012B17D042E0FB681A68FB681A6074
:10339000384B1B685A08BB68B2FBF3F37B61354BB3
:1033A0001B685B08BA68B3FBF2F2B96801FB02F272
:1033B0009B1ABB612EE0FB681B6843F48032FB68FC
:1033C0001A602D4ABB68B2FBF3F37B612A4BBA68E3
:1033D000B3FBF2F2B96801FB02F29B1ABB6119E080
:1033E000FB681B6843F40032FB681A604FF4E1028B
:1033F000BB68B2FBF3F37B614FF4E103BA68B3FB44
:10340000F2F2B96801FB02F29B1ABB6102E06FF0B5
:10341000020322E07B69002B04D0BB685A08BB6919
:103420009A4202D27B6901337B617A69FB681A6137
:10343000F86800F023F8F861FB69002B0CDDFB68ED
:103440001B6843F40042FB681A6000BFFB681B68FE
:1034500003F40023002BF9D0FB6918462037BD4642
:1034600080BD00BF00200440003004400040044004
:1034700000140840400600200048E80180B485B0F0
:1034800000AF78600023FB607B68314A93420ED026
:103490007B68304A93420AD07B682F4A934206D019
:1034A0007B682E4A934202D06FF0020349E07B68AA
:1034B0002A4A93421DD17B681B6803F44033B3F55D
:1034C000803F03D14FF48033FB600CE07B681B68C6
:1034D00003F44033002B03D14FF4E103FB6002E01F
:1034E0006FF002032DE0FA687B681B69B2FBF3F30F
:1034F00027E07B681B6803F44033B3F5803F02D1BB
:10350000174BFB6018E07B681B6803F44033002B0B
:1035100004D1144B1B685B08FB600DE07B681B68E3
:1035200003F44033B3F5003F03D14FF4E103FB60F4
:1035300002E06FF0020304E0FA687B681B69B2FBEB
:10354000F3F318461437BD465DF8047B704700BF9F
:1035500000200440003004400040044000140840B3
:103560000048E8014006002080B582B000AF7860D6
:1035700039603968786800F0C9FB03461846083797
:10358000BD4680BD80B582B000AF78600B46FB7051
:10359000FB781946786800F0DCFB034618460837CC
:1035A000BD4680BD80B582B000AF78600B46FB7031
:1035B000FB781946786800F0F1FB03461846083797
:1035C000BD4680BD80B584B000AFF8600B467A6020
:1035D000FB72FB7A012B3AD1FB683F4A934214D02D
:1035E000FB683E4A93420ED0FB683D4A934208D0A6
:1035F000FB683C4A934201D1032307E04FF0FF33BD
:1036000004E0022302E0012300E00023032B1BD887
:1036100001A252F823F000BF293600103136001005
:1036200039360010413600102F48FDF751F848E0B8
:103630002E48FDF74DF844E02D48FDF749F840E0ED
:103640002C48FDF745F83CE06FF0020340E0FB68D2
:10365000214A934214D0FB68204A93420ED0FB6863
:103660001F4A934208D0FB681E4A934201D10323AC
:1036700007E04FF0FF3304E0022302E0012300E003
:103680000023032B1AD801A252F823F09D36001014
:10369000A5360010AD360010B53600101648FDF7FF
:1036A00017F80EE01548FDF713F80AE01448FDF787
:1036B0000FF806E01348FDF70BF802E06FF0020385
:1036C00006E0FB7A7A681946F86800F081FC034648
:1036D00018461037BD4680BD00200440003004402D
:1036E00000400440001408400CB7001030B7001030
:1036F00054B7001078B7001018B700103CB700108E
:1037000060B7001084B7001080B586B000AF786055
:103710000B46FB7000237B610023FB747B68454AEA
:10372000934214D07B68444A93420ED07B68434A4C
:10373000934208D07B68424A934201D1032307E0B9
:103740004FF0FF3304E0022302E0012300E00023F6
:10375000FB60FB68002B02DA6FF0020366E07B6817
:10376000344A934214D07B68334A93420ED07B682C
:10377000324A934208D07B68314A934201D10323F5
:1037800007E04FF0FF3304E0022302E0012300E0F2
:103790000023022B02DC002B03DA39E0032B1FD0BD
:1037A00036E0FB78022B10D0022B15DC002B02D068
:1037B000012B03D010E00023FB7410E00220FFF780
:1037C000B7F978610123FB7409E00520FFF7B0F930
:1037D00078610223FB7402E06FF0020326E01AE036
:1037E000FB78022B02D0032B07D00DE00520FFF75A
:1037F0009FF978610023FB7409E00620FFF798F930
:1038000078610123FB7402E06FF002030EE002E036
:103810006FF002030AE07B69002B01D07B6905E0B1
:10382000FB7C1946786800F02DFB034618461837D4
:10383000BD4680BD002004400030044000400440EC
:103840000014084080B584B000AF7860786800F05C
:103850007FFBF8607B68244A934214D07B68234A3C
:1038600093420ED07B68224A934208D07B68214A5B
:10387000934201D1032307E04FF0FF3304E002231A
:1038800002E0012300E00023022B02DC002B03DA1C
:1038900024E0032B15D021E0FB68022B0DD0FB6840
:1038A000022B0CD8FB68002B03D0FB68012B02D045
:1038B00005E0002313E0012311E002230FE0F923C8
:1038C0000DE0FB68002B03D0FB68012B02D003E066
:1038D000022304E0032302E0F92300E0FD2318465D
:1038E0001037BD4680BD00BF0020044000300440BA
:1038F000004004400014084080B582B000AF7860FA
:10390000786800F08AFB034618460837BD4680BD3C
:1039100080B582B000AF78600B46FB70FB7819462B
:10392000786800F08FFB034618460837BD4680BD17
:1039300080B582B000AF78607868FFF787FB0346F8
:1039400018460837BD4680BD80B584B000AFF8602A
:10395000B9607A607A68B968F86800F08CFB034651
:1039600018461037BD4680BD80B584B000AFF86002
:10397000B9607A607A68B968F86800F0B2FB03460B
:1039800018461037BD4680BD80B584B000AFF860E2
:10399000B9607A607A68B968F86800F0D7FB0346C6
:1039A00018461037BD4680BD80B582B000AF786044
:1039B000786800F0F1FB034618460837BD4680BD25
:1039C00080B584B000AFF860B9607A607A68B96891
:1039D000F86800F0F0FB034618461037BD4680BD7E
:1039E00080B582B000AF7860786800F00AFC0346CA
:1039F00018460837BD4680BD80B582B000AF7860FC
:103A0000786800F011FC034618460837BD4680BDB3
:103A100080B582B000AF786039603968786800F0AE
:103A20001BFC034618460837BD4680BD80B582B0F2
:103A300000AF7860786800F02EFC0346184608371F
:103A4000BD4680BD80B582B000AF7860396039680E
:103A5000786800F02CFC034618460837BD4680BD48
:103A600080B582B000AF786039603968786800F05E
:103A70002DFC034618460837BD4680BD80B582B090
:103A800000AF786039603968786800F031FC03462F
:103A900018460837BD4680BD80B582B000AF78605B
:103AA000786800F038FC034618460837BD4680BDEC
:103AB00080B582B000AF7860786800F039FC0346CA
:103AC00018460837BD4680BD80B582B000AF78602B
:103AD000786800F075FE034618460837BD4680BD7D
:103AE00080B582B000AF7860786800F07BFE034656
:103AF00018460837BD4680BD80B483B000AF03468A
:103B0000FB71FB7903F01F03012202FA03F1064A5D
:103B100097F907305B09403342F8231000BF0C3798
:103B2000BD465DF8047B704700E100E080B584B0DD
:103B300000AF78607B681B6810211846FFF782FF92
:103B40007B681B681846FFF72FFFF8607B681A69CF
:103B50007B689B69D31AFA68934228BF1346FB60BF
:103B60007B6818687B689A687B689B691344FA686D
:103B70001946FFF709FFF8607B689A69FB681A44E9
:103B80007B689A617B681A697B689B69D31AFB60C2
:103B9000FB68072B01D90723FB607B681B68F9686A
:103BA0001846FFF735FFFB68002B08D07B681B68C1
:103BB0001846FFF7F9FE0246FB689342BAD900BFE8
:103BC0001037BD4680BD000080B586B000AFF860FC
:103BD000B9601346FB710121F868FFF719FF78619E
:103BE0007B69002B01D07B6982E00821F868FFF730
:103BF000BBFC78617B69002B01D07B6978E00021F8
:103C0000F868FFF7CFFC78617B69002B01D07B69F6
:103C10006EE00021F868FFF7B5FC78617B69002B46
:103C200001D07B6964E0FB791A46B968F868FFF750
:103C30001BFB78617B69002B01DA7B6958E0FB682C
:103C40002D4A934214D0FB682C4A93420ED0FB6855
:103C50002B4A934208D0FB682A4A934201D103239E
:103C600007E04FF0FF3304E0022302E0012300E00D
:103C700000233B6124493A6913465B001344DB008F
:103C80000B440C334FF0FF321A601F493A69134658
:103C90005B001344DB000B4408334FF0FF321A6023
:103CA00019493A6913465B001344DB000B440022B8
:103CB0001A6015493A6913465B001344DB000B4454
:103CC000043300221A6010493A6913465B0013441A
:103CD000DB000B44103300221A700B493A6913467B
:103CE0005B001344DB000B44143300221A600023F2
:103CF00018461837BD4680BD0020044000300440FF
:103D000000400440001408400800002080B483B044
:103D100000AF786039603B68042B02DD3B68082BFC
:103D200002DD6FF002030EE03B68053B9B023B6047
:103D30007B681B6823F440623B6803F440631A43CA
:103D40007B681A60002318460C37BD465DF8047B7B
:103D5000704780B483B000AF78600B46FB70FB788F
:103D6000002B02D0012B07D00DE07B681B6823F4E9
:103D700080527B681A6009E07B681B6843F48052BC
:103D80007B681A6002E06FF0020300E0002318462F
:103D90000C37BD465DF8047B7047000080B483B0EB
:103DA00000AF78600B46FB70FB78042B5FD801A254
:103DB00052F823F0C93D0010D73D0010FD3D001022
:103DC000233E0010493E00107B681B6823F0100260
:103DD0007B681A604EE07B681B6843F010027B68CA
:103DE0001A607B681B6823F020027B681A607B687E
:103DF0001B6823F040027B681A603BE07B681B680D
:103E000043F010027B681A607B681B6823F0200275
:103E10007B681A607B681B6843F040027B681A600D
:103E200028E07B681B6843F010027B681A607B689F
:103E30001B6843F020027B681A607B681B6823F0D4
:103E400040027B681A6015E07B681B6843F0100233
:103E50007B681A607B681B6843F020027B681A60ED
:103E60007B681B6843F040027B681A6002E06FF0D9
:103E7000020300E0002318460C37BD465DF8047BC2
:103E8000704700BF80B485B000AF78600B46FB7010
:103E90007B682A4A934214D07B68294A93420ED009
:103EA0007B68284A934208D07B68274A934201D115
:103EB000032307E04FF0FF3304E0022302E0012375
:103EC00000E00023214AD35C002B01D000232EE028
:103ED0007B681B6803F40043002B14BF01230023FD
:103EE000FB73FB7B002B05D07B681B6823F400422F
:103EF0007B681A607B681B6823F44032FB781B04E4
:103F000003F440331A437B681A60FB7B002B0DD00F
:103F10007B681B6843F400427B681A6000E000BFC6
:103F20007B681B6803F40023002BF8D0002318469D
:103F30001437BD465DF8047B704700BF0020044085
:103F4000003004400040044000140840A40D00204C
:103F500080B483B000AF78607B681B681B0C03F0F3
:103F6000030318460C37BD465DF8047B704700001C
:103F700080B483B000AF78607B68104A934214D05D
:103F80007B680F4A93420ED07B680E4A934208D05A
:103F90007B680D4A934201D1032307E04FF0FF33C2
:103FA00004E0022302E0012300E00023074AD35C7F
:103FB00018460C37BD465DF8047B7047002004406E
:103FC000003004400040044000140840A40D0020CC
:103FD00080B485B000AFF8600B467A60FB72FB7A64
:103FE000002B02D0012B07D00DE0FB681B6823F4E7
:103FF0000052FB681A6009E0FB681B6843F400523A
:10400000FB681A6002E06FF0020300E0002318462C
:104010001437BD465DF8047B704780B483B000AFB1
:1040200078607B685B6803F01003002B02D06FF0B0
:104030000C0301E07B681B6A18460C37BD465DF82F
:10404000047B704780B483B000AF78600B46FB7090
:104050007B685B6803F08003002B02D06FF00B03DA
:1040600003E0FA787B681A62002318460C37BD46D5
:104070005DF8047B704780B586B000AFF860B9602A
:104080007A6000237B61BB68002B02D14FF0FF33C5
:1040900023E07B68002B17D14FF0FF331DE0F86859
:1040A000FFF746FC38613B69002B04DA7B687A69CC
:1040B0001A603B6911E07B69BA6813443A69D2B26D
:1040C0001A707B6901337B617B681B687A699A424D
:1040D000E5DB7B687A691A60002318461837BD460D
:1040E00080BD80B586B000AFF860B9607A6000230B
:1040F0007B61BB68002B02D14FF0FF3322E07B686D
:10410000002B16D14FF0FF331CE07B69BA681344D3
:104110001B781946F868FFF7FBFB38613B69002BF9
:1041200004D07B687A691A603B690BE07B690133D4
:104130007B617B681B687A699A42E6DB7B687A69F7
:104140001A60002318461837BD4680BD80B487B07A
:1041500000AFF860B9607A6000237B610FE0FB6814
:104160005B6803F01003002B0ED1FB68196ABA6874
:104170007B691344CAB21A707B6901337B617A6927
:104180007B689A42EBD300E000BF7B6918461C377E
:10419000BD465DF8047B704780B483B000AF7860A3
:1041A0007B685B681B0A03F00F0318460C37BD469B
:1041B0005DF8047B704780B487B000AFF860B960E9
:1041C0007A6000237B610FE0FB685B6803F080038B
:1041D000002B0ED1BA687B6913441B781A46FB6822
:1041E0001A627B6901337B617A697B689A42EBD3FF
:1041F00000E000BF7B6918461C37BD465DF8047BB4
:10420000704780B485B000AF78607B685B681B0B3B
:1042100003F00F03FB60FB68C3F108031846143773
:10422000BD465DF8047B704780B483B000AF786012
:104230007B681B6843F480727B681A6000BF7B68F0
:104240001B6803F48073002BF9D1002318460C3748
:10425000BD465DF8047B704780B483B000AF7860E2
:1042600039603B68002B02D03B68082B02D96FF005
:1042700002030AE07B681B6823F00F023B6803F02F
:104280000F031A437B681A60002318460C37BD469B
:104290005DF8047B704780B483B000AF78607B68C2
:1042A000DB6818460C37BD465DF8047B704780B468
:1042B00083B000AF786039607B683A68DA600023C9
:1042C00018460C37BD465DF8047B704780B483B058
:1042D00000AF786039607B689A683B681A437B68F6
:1042E0009A60002318460C37BD465DF8047B704782
:1042F00080B483B000AF786039607B689A683B68AF
:10430000DB431A407B689A60002318460C37BD4691
:104310005DF8047B704780B483B000AF78607B6841
:104320005B6818460C37BD465DF8047B704700009B
:1043300080B584B000AF78607B681B68964A934272
:1043400017D07B681B68954A934210D07B681B6826
:10435000934A934209D07B681B68924A934201D1E9
:10436000032307E04FF0FF3304E0022302E00123C0
:1043700000E00023FB608C4AFB6852F82330002BDE
:1043800014D18A4AFB6852F82330002B0ED17B6887
:104390001B684FF0FF311846FFF770FB7B681B6806
:1043A0004FF0FF311846FFF74DFB19E07F4AFB68DD
:1043B00052F82330002B06D07B681B69002B02D0FB
:1043C0006FF00503FFE0784AFB6852F82330002BBA
:1043D00006D07B68DB68002B02D06FF00503F2E0AB
:1043E0007B6800225A617B6800229A617B68DB68E7
:1043F000002B71D07B685B68002B02D16FF0020349
:10440000E1E07B681B68644A934217D07B681B68B5
:10441000624A934210D07B681B68614A934209D07C
:104420007B681B685F4A934201D1032307E04FF08A
:10443000FF3304E0022302E0012300E000235A4995
:104440007A6841F823207B681B681846FFF7C8FA92
:10445000B8607B68DA687B685B69D31ABA68934294
:1044600028BF1346BB607B6818687B685A687B6806
:104470005B691344BA681946FFF7A2FA02467B68E3
:104480005B691A447B685A617B685A697B68DB68A0
:104490009A421BD1FB68002B13D0FB685BB2012B47
:1044A0000DD0FB685BB2022B07D0FB685BB2032B1D
:1044B00001D1582306E0002304E0222302E00F2369
:1044C00000E00E231846FFF717FB05E07B681B682A
:1044D00040211846FFF7C4FA7B681B69002B71D096
:1044E0007B689B68002B0ED17B681B684FF0FF3107
:1044F0001846FFF7C3FA7B681B681846FFF77CFA7B
:104500006FF002035FE07B681B68234A934217D079
:104510007B681B68214A934210D07B681B68204A45
:10452000934209D07B681B681E4A934201D1032342
:1045300007E04FF0FF3304E0022302E0012300E034
:1045400000231A497A6841F823207B681B681021F0
:104550001846FFF785FA7B681B680B211846FFF7A2
:104560007FFA7868FFF7E2FA7B681A697B689B69D3
:104570009A4227D1FB68002B20D0FB685BB2012B4D
:104580001AD0FB685BB2022B14D0FB685BB2032B22
:104590000ED1582313E000BF002004400030044037
:1045A0000040044000140840840D0020940D0020B9
:1045B000002304E0222302E00F2300E00E2318462C
:1045C000FFF79AFA002318461037BD4680BD00BF9A
:1045D00080B584B000AF786039607B681A4A934236
:1045E00014D07B68194A93420ED07B68184A9342D4
:1045F00008D07B68174A934201D1032307E04FF0AC
:10460000FF3304E0022302E0012300E00023FB600B
:10461000114AFB6852F82330BB60BB68002B0DD0F9
:10462000BB68DB69002B09D00B4AFB68002142F80C
:104630002310BB68DB693968B868984700231846BF
:104640001037BD4680BD00BF00200440003004404C
:104650000040044000140840840D002080B584B060
:1046600000AF786039607B681A4A934214D07B6847
:10467000194A93420ED07B68184A934208D07B684F
:10468000174A934201D1032307E04FF0FF3304E0C0
:10469000022302E0012300E00023FB60114AFB68D3
:1046A00052F82330BB60BB68002B0DD0BB68DB69C0
:1046B000002B09D00B4AFB68002142F82310BB688D
:1046C000DB693968B8689847002318461037BD463B
:1046D00080BD00BF00200440003004400040044082
:1046E00000140840940D002080B584B000AF7860BD
:1046F00039607B68184A934214D07B68174A93420A
:104700000ED07B68164A934208D07B68154A9342C4
:1047100001D1032307E04FF0FF3304E0022302E05E
:10472000012300E00023FB6039687868FFF750FF41
:104730000D4AFB6852F823200C49FB6851F82330DE
:104740009A4203D039687868FFF788FF002318463B
:104750001037BD4680BD00BF00200440003004403B
:104760000040044000140840940D0020840D0020F7
:1047700080B582B000AF786040217868FFF77EF99D
:10478000002318460837BD4680BD80B582B000AF13
:1047900078600B217868FFF771F900231846083715
:1047A000BD4680BD80B582B000AF78604FF0FF316C
:1047B0007868FFF763F9002318460837BD4680BDC7
:1047C00080B582B000AF78607868FEF760FC6FF06B
:1047D0000F017868FEF74DFC002318460837BD46E8
:1047E00080BD000080B586B000AF78607B68724AFB
:1047F000934214D07B68714A93420ED07B68704A12
:10480000934208D07B686F4A934201D1032307E0AB
:104810004FF0FF3304E0022302E0012300E0002315
:104820007B617868FFF702F93861674A7B6952F863
:104830002330002B0ED1654A7B6952F82330002BC0
:1048400008D17B68DB6819467868FFF7FBF86FF0E2
:104850000303ACE07B689A683B69134003F00B03E9
:10486000002B0AD07868FEF712FC6FF00801786818
:10487000FEF7FFFB6FF0030399E0534A7B6952F8A0
:104880002330FB60FB68002B31D0FB68DB68002B1A
:104890002DD0FB681B681846FFF7A2F8B860FB68CC
:1048A000DA68FB685B69D31ABA689A4205D9FB6873
:1048B000DA68FB685B69D31A00E0BB68BB60FB6821
:1048C0001868FB685A68FB685B691344BA68194644
:1048D000FFF776F8B860FB685A69BB681A44FB6852
:1048E0005A61FB681B6840211846FFF7ABF8374A4E
:1048F0007B6952F82330FB60FB68002B06D0FB6815
:104900001B69002B02D0F868FFF710F92F4A7B696A
:1049100052F823202C497B6951F823309A4217D151
:10492000FB68002B12D0FB689A69FB681B699A42EE
:104930000CD1FB685A69FB68DB689A4206D178683B
:10494000FEF7A5FB00217868FEF793FB00232EE01D
:104950001E4A7B6952F82330FB60FB68002B0ED0A7
:10496000FB689A69FB681B699A4208D17868FFF76F
:104970000CFF00217868FFF771FE002317E0124A50
:104980007B6952F82330FB60FB68002B0ED0FB687C
:104990005A69FB68DB689A4208D17868FFF7E8FE3D
:1049A00000217868FFF714FE002300E0002318467A
:1049B0001837BD4680BD00BF0020044000300440D1
:1049C0000040044000140840840D0020940D002095
:1049D000F0B589B006AF1849184801F087F878603B
:1049E0007B68002B01D07B6822E0154E6D4606F1F6
:1049F0000C040FCC0FC594E8030085E8030096E88B
:104A00000E00104800F07EF878607B68002B01D023
:104A10007B680DE00B4800F017F80A4B1B6818463E
:104A200000F042F9074B9B68184601F0A3F80023F9
:104A300018460C37BD46F0BD8CB80010B00D0020F4
:104A4000A8B80010A80D002080B483B000AF786033
:104A500000BF0C37BD465DF8047B704780B586B05B
:104A600000AFF8607B600B46FB7213463B81FB682E
:104A70001B7A002B29D1FB7A5BB25B005BB243F05F
:104A800001035BB2DAB2FB689A76FB685868FB6890
:104A900003F11A013B8901339BB21A4600F0F4FF7F
:104AA000786100237B820BE07B8A5A1C7B8A7968C1
:104AB0000B44F9680A44927E1A707B8A01337B8228
:104AC0007A8A3B899A42EFD316E0FB68586807F16F
:104AD0000B010023012200F061FD78617B69002B4E
:104AE00001D07B6909E0FB6858683B89DAB2012391
:104AF000796800F08AFD78617B6918461837BD46F1
:104B000080BD000084B080B586B000AF786007F14A
:104B1000240080E80E0097F84530022B02D96FF090
:104B20001503B5E000BF4FF49E71012003F000FFB4
:104B300038613B69002B02D16FF00B03A8E097F8B6
:104B400044203B691A723B691B7A002B0CD13B69EC
:104B5000043307F124021146184600F09BFE7861E9
:104B60007B69002B0DD08FE03B69043307F12402F1
:104B70001146184600F030FC78617B69002B40F04C
:104B8000828097F845203B691A7007F10B030122D8
:104B900000213869FFF762FF78617B69002B57D1EC
:104BA000FB7AAD2B03D06FF015037B6157E007F163
:104BB0000B03012201213869FFF750FF78617B69FF
:104BC000002B47D1FB7A1D2B03D06FF015037B61BF
:104BD00045E007F10B03012202213869FFF73EFF90
:104BE00078617B69002B37D13B691B781A462C4BC7
:104BF0009A5CFB7A9A4203D06FF015037B612EE03A
:104C0000284B052250213869FFF728FF78617B691E
:104C1000002B23D14FF0FF33FB60FB689B07FB6049
:104C2000FB689B0FFB60FB68DBB223F07E03DAB20C
:104C30003B691A733B6960221A753B6901225A72FB
:104C40003B6901229A757B683A691A6000231FE06C
:104C500000BF04E000BF02E000BF00E000BF3B690E
:104C60001B7A002B05D13B695B68184600F0B2FE49
:104C700004E03B695B68184600F038FC386903F0D3
:104C800065FE7B6904E000BF386903F05FFE7B6965
:104C900018461837BD46BDE8804004B0704700BFD5
:104CA000CCB80010B40D002080B584B000AF78609F
:104CB0007B681B7A002B06D17B685B68184600F086
:104CC00089FEF86005E07B685B68184600F00EFC22
:104CD000F860786803F03AFEFB6818461037BD4666
:104CE00080BD80B588B000AF78607B68FB61FB69F0
:104CF0005B689B6807F110021146184604F0A3F99F
:104D0000B861BB69002B08D0FB691A68FB695B6856
:104D10001946104600F0D1FA3FE0FB695B689B68DA
:104D200007F114021146184604F006F9FB695B68A6
:104D30009B6807F10C021146184604F002F83B6923
:104D40001B69002B06D03B691B69386979693A6990
:104D500052699847FB68002B0ED1FB691B681A69E2
:104D6000FB695B68DB681946104600F04CFDFB6987
:104D70005B6801221A7110E0FB691B68DB681B6924
:104D8000FA695268796910469847FB691A68FB69A5
:104D90005B681946104600F054FA2037BD4680BDC6
:104DA00080B586B000AF786039603B68002B03D0D7
:104DB0003B689B68002B02D16FF015037FE03B68D6
:104DC0009B681B68002B02D16FF0570377E007F157
:104DD0000803184604F00AFBBB68184604F010FBF1
:104DE0003B689B681B6839687868984778617B697D
:104DF000002B5ED17B681B681C33184604F0F6FA62
:104E00007B681B683A689268DA6000233B6122E0A5
:104E10007B681B6899683A691346DB009B1ADB00C4
:104E20000B44083300220121184603F01BFF786170
:104E30007B69002B1FD17B681B6899683A69134610
:104E4000DB009B1ADB000B443033184604F0CEFA2B
:104E50003B6901333B613B685B683A699A42D7D34F
:104E60007B681B689A6901329A61BB68184604F036
:104E7000D1FA002323E000BF0023FB600FE07B6832
:104E80001B6899683A691346DB009B1ADB000B44E8
:104E90009B68184603F02AFFFB680133FB60FA6841
:104EA0003B699A42EBD37B681B68184600F00BF80D
:104EB00000E000BFBB68184604F0ACFA7B691846F6
:104EC0001837BD4680BD90B585B000AF78607B686F
:104ED000002B02D16FF015036BE07B689B69002B00
:104EE00001D1002365E00023FB6047E07B689968FF
:104EF000FA681346DB009B1ADB000B449B681846DC
:104F000003F0F4FEB860BB68002B01D0BB6850E032
:104F10007B689968FA681346DB009B1ADB000B4438
:104F20001B6B184604F080FA7B681B69002B22D0AB
:104F30007B689968FA681346DB009B1ADB000B4418
:104F4000DB69002B17D07B6818697B689968FA6861
:104F50001346DB009B1ADB000B44DC687B68996816
:104F6000FA681346DB009B1ADB000B4410331A4629
:104F7000214600F002FCFB680133FB607B685B6844
:104F8000FA689A42B2D37B68DB69184604F04CFA9F
:104F90007B68DB685B6878689847B860BB68002B03
:104FA00001D0BB6805E07B689B695A1E7B689A61EB
:104FB000002318461437BD4690BD80B584B000AFBD
:104FC000786039607B68002B03D07B68DB68002B3E
:104FD00002D16FF015032AE07B68DB689B68002B29
:104FE00002D16FF0570322E07B68DB69184604F0BA
:104FF00007FA7B68DB689B6807F10802114678684E
:105000009847F860FB68002B0AD17B689968BA68FA
:105010001346DB009B1ADB00CA183B681A6000E0ED
:1050200000BF7B68DB69184604F0F4F9FB6818469A
:105030001037BD4680BD80B584B000AF7860396060
:105040007B68002B06D07B68DB68002B02D03B68B6
:10505000002B02D16FF015031BE07B68DB68DB6877
:10506000002B02D16FF0570313E03B681B6B18460F
:1050700004F0C6F97B68DB68DB683A6812681146A1
:1050800078689847F8603B681B6B184604F0C2F9D3
:10509000FB6818461037BD4680BD000080B588B05B
:1050A00000AFF860B9607A603B60FB68002B08D005
:1050B000BB68002B05D07B68002B02D03B68002B1F
:1050C00002D16FF0150399E03B681B6B184604F0A2
:1050D00097F90023FB610FE03B689868FA69134673
:1050E000DB0013449B001A46BB681344194603F0C7
:1050F00079FEFB690133FB61FA697B689A42EBD365
:10510000FB681B69002B57D03B6810337B613B6801
:1051100003F120027B695A603B681B681A467B6971
:10512000DA60BB681A7F7B695A723B68FA681A6258
:105130003B683A685A62BB681B7B012B02DC002B80
:1051400003DA0AE0022B04D007E07B690B221A7213
:1051500007E07B6909221A7203E06FF01503BB6157
:1051600034E0FB68DB681B69B96838689847B86148
:10517000BB69002B27D1FB681B6A002B04D0FB689E
:105180001A6A7B691A6002E07B691E4A1A60FB6832
:1051900018693B68DB687A69194600F0CAFAB86199
:1051A000BB69002B11D1FB6818693B68D968BB68E3
:1051B0009B691A4600F049FB3B681B6B184604F0DC
:1051C00029F900231AE000BF00E000BF0023FB61C3
:1051D0000AE03B689B6807F110021146184603F08D
:1051E00032FFFB690133FB61FA697B689A42F0D3B5
:1051F0003B681B6B184604F00DF9BB691846203755
:10520000BD4680BDE34C001080B582B000AF786031
:105210007B681B6B184604F0F3F87B68002B02D107
:105220006FF0150309E07B68002283F834207B6867
:105230001B6B184604F0EEF8002318460837BD46ED
:1052400080BD80B584B000AF786039607B68002B8A
:1052500006D07B68DB68002B02D03B68002B02D1B4
:105260006FF0150325E07B68DB685B69002B02D1DA
:105270006FF057031DE03B681B6B184604F0C0F845
:105280007B681B69002B07D07B681A693B68DB6869
:105290001946104600F095FA7B68DB685B6939684F
:1052A00078689847F8603B681B6B184604F0B2F8C2
:1052B000FB6818461037BD4680BD80B584B000AF8E
:1052C000786039607B68002B06D07B68DB68002B38
:1052D00002D03B68002B02D16FF0150331E07B68F0
:1052E000DB689B69002B02D16FF0570329E03B6814
:1052F0001B6B184604F084F87B681B69002B07D0F1
:105300007B681A693B68DB681946104600F07BFA37
:105310003B689B6807F108021146184603F093FEAC
:10532000F860FB68002BF3D07B68DB689B69396809
:1053300078689847F8603B681B6B184604F06AF879
:10534000FB6818461037BD4680BD80B483B000AFFF
:10535000786039603B68002B01D1012301E03B6894
:105360001B7918460C37BD465DF8047B704780B545
:1053700084B000AF786039607B68002B06D07B6812
:10538000DB68002B02D03B68002B01D101231EE01B
:105390007B68DB681B6A002B01D1012317E03B68A7
:1053A0001B6B184604F02CF87B68DB681B6A3968B5
:1053B000786898470346FB603B681B6B184604F00F
:1053C00029F8FB68002B14BF01230023DBB2184629
:1053D0001037BD4680BD000080B584B000AF786056
:1053E00039603B68002B03D03B68DB68002B02D19F
:1053F0006FF015033FE03B68DB681B68002B02D1B0
:105400006FF0570337E03B681B68042B02D96FF03D
:10541000150330E03B681B68194A52F82330002B13
:1054200008D1386800F02EF8F860FB68002B01D036
:10543000FB6820E03B68DB681B6839687868984740
:10544000F860FB68002B01D0FB6814E03B681A6829
:105450007B681B680A4951F822201A607B681B6828
:105460001B681A790132D2B21A717B681B683A68DC
:10547000D2681A61002318461037BD4680BD00BFB0
:10548000BC0D002080B584B000AF786018210120E9
:1054900003F04EFAF860FB68002B02D16FF00B03AB
:1054A0001DE0FB68184603F0A1FFFB6800221A719B
:1054B0007B681A68FB689A607B685A68FB68DA60E8
:1054C0007B68DA68FB681A617B681A69FB685A6155
:1054D0007B681B680449FA6841F8232000231846BA
:1054E0001037BD4680BD00BFBC0D002080B582B026
:1054F00000AF78607B68002B03D07B681B69002BB2
:1055000002D16FF0150317E07B681B68002B05D0F4
:105510007B681B689B68184600F012F87B681B6963
:10552000DB68002B02D16FF0570305E07B681B6935
:10553000DB6878689847034618460837BD4680BD43
:1055400080B584B000AF7860134A7B6852F823308E
:10555000FB60FB681B79002B05D0FB681B79013BC6
:10556000DAB2FB681A71FB681B79002B0FD1FB685C
:105570001B68184603F058FFFB68002B07D0F8683B
:1055800003F0E4F9044A7B68002142F8231000BFCD
:105590001037BD4680BD00BFBC0D002090B587B060
:1055A00000AFF860B96011461A460B46FB7113460E
:1055B000BB71FB68002B03D0FB681B69002B02D179
:1055C0006FF015031DE0FB681B695B68002B02D1BF
:1055D0006FF0570315E0FB681B681B68184603F063
:1055E0000FFFFB681B695C68BB79FA79B968F868DA
:1055F000A0477861FB681B681B68184603F00AFF28
:105600007B6918461C37BD4690BD90B587B000AF8A
:10561000F860B96011461A460B46FB711346BB7120
:10562000FB68002B03D0FB681B69002B02D16FF0D5
:1056300015031DE0FB681B699B68002B02D16FF00E
:10564000570315E0FB681B681B68184603F0D8FE7B
:10565000FB681B699C68BB79FA79B968F868A04750
:105660007861FB681B681B68184603F0D3FE7B69F2
:1056700018461C37BD4690BD80B584B000AF786039
:1056800039603B68002B03D03B685B68002B02D17C
:105690006FF015031EE03B685B681B68002B02D1AE
:1056A0006FF0570316E03B685B681B6839687868E1
:1056B0009847F860FB68002B01D0FB680AE07B6824
:1056C0001B689A6801329A607B681B683A68526866
:1056D0005A60002318461037BD4680BD80B582B0A1
:1056E00000AF78607B68002B03D07B685B68002B81
:1056F00002D16FF0150318E07B685B689B6A002B92
:1057000002D16FF0570310E07B689B685A1E7B68DC
:105710009A607B689B68002B01D0002305E07B68C2
:105720005B689B6A78689847034618460837BD4609
:1057300080BD80B584B000AFF860B9607A60FB6866
:10574000002B03D0FB685B68002B02D16FF01503C0
:105750000FE0FB685B685B68002B02D16FF05703BA
:1057600007E0FB685B685B687A68B968F868984727
:10577000034618461037BD4680BD80B584B000AFE3
:10578000F860B9607A60FB68002B03D0FB685B6847
:10579000002B02D16FF015030FE0FB685B689B687C
:1057A000002B02D16FF0570307E0FB685B689B6832
:1057B0007A68B968F8689847034618461037BD46B6
:1057C00080BD80B582B000AF786039607B68002B07
:1057D00003D07B685B68002B02D16FF015030EE0ED
:1057E0007B685B689B69002B02D16FF0570306E072
:1057F0007B685B689B6939687868984703461846F8
:105800000837BD4680BD80B582B000AF7860396092
:105810007B68002B03D07B685B68002B02D16FF0A4
:1058200015030EE07B685B68DB69002B02D16FF02B
:10583000570306E07B685B68DB69396878689847DE
:10584000034618460837BD4680BD80B584B000AF1A
:10585000F860B9607A60FB68002B03D0FB685B6876
:10586000002B02D16FF015030FE0FB685B681B6A29
:10587000002B02D16FF0570307E0FB685B681B6ADF
:105880007A68B968F8689847034618461037BD46E5
:1058900080BD000080B584B000AF786039603B689F
:1058A000002B03D03B68DB68002B02D16FF015039F
:1058B0004DE03B68DB681B68002B02D16FF057039B
:1058C00045E03B681B68082B02D96FF015033EE0EA
:1058D0003B681B68204A52F82330002B08D13868F7
:1058E00000F03CF8F860FB68002B01D0FB682EE06C
:1058F0003B68DB681B68396878689847F860FB6824
:10590000002B01D0FB6822E03B681A687B681B68AB
:10591000114951F822201A607B681B681B681A79AC
:105920000132D2B21A717B681B683A68D2681A6178
:105930007B681B683A68D2691A627B681B683A68A0
:105940001433103292E8030083E803000023184662
:105950001037BD4680BD00BFD00D002080B584B09B
:1059600000AF78601C21012002F0E2FFF860FB68C4
:10597000002B02D16FF00B0325E0FB68184603F003
:1059800035FDFB6800221A717B681A68FB689A6013
:105990007B685A68FB68DA607B685A7AFB681A741D
:1059A0007B689A7AFB685A747B68DA68FB685A618C
:1059B0007B689A69FB689A617B681B680449FA688E
:1059C00041F82320002318461037BD4680BD00BF94
:1059D000D00D002080B582B000AF78607B68002BCE
:1059E00003D07B681B69002B02D16FF0150317E011
:1059F0007B681B68002B05D07B681B689B6818467A
:105A000000F012F87B681B695B69002B02D16FF014
:105A1000570305E07B681B695B6978689847034614
:105A200018460837BD4680BD80B584B000AF7860A9
:105A3000144A7B6852F82330FB60FB681B79002B0B
:105A400005D0FB681B79013BDAB2FB681A71FB6871
:105A50001B79002B11D1FB681B68184603F0E4FC8E
:105A6000FB68002B09D0F86802F070FF0023FB6090
:105A7000044A7B68002142F8231000BF1037BD465E
:105A800080BD00BFD00D002080B586B000AFF860AB
:105A9000B9601346FB80FB68002B03D0FB681B69D1
:105AA000002B02D16FF015031CE0FB681B695B68DB
:105AB000002B02D16FF0570314E0FB681B681B68D2
:105AC000184603F09DFCFB681B695B68FA88B9689F
:105AD000F86898477861FB681B681B68184603F0F4
:105AE00099FC7B6918461837BD4680BD80B584B0E7
:105AF00000AF786039603B68002B07D03B685B697A
:105B0000002B03D03B681B780A2B02D96FF01503DA
:105B10002AE03B685B691B68002B02D16FF05703DA
:105B200022E03B685B691B68396878689847F860D1
:105B3000FB68002B01D0FB6816E07B681B683A68A5
:105B400052695A613B681B789B00094A1344184606
:105B500003F04CFC3B681B7819467B681B68044AC1
:105B600052F821201A60002318461037BD4680BD28
:105B7000F40D002080B582B000AF78607B68002B08
:105B800003D07B685B69002B02D16FF0150319E02D
:105B90007B685B695B69002B02D16FF0570311E0F2
:105BA0007B681B68184603F03FFC7B681B7919462D
:105BB000064B002243F821207B685B695B697868AB
:105BC0009847034618460837BD4680BDF40D0020AF
:105BD00080B586B000AFF860B9607A60FB68002BD2
:105BE00006D0FB685B69002B02D0BB68002B02D19A
:105BF0006FF015031AE0FB685B695B68002B02D14C
:105C00006FF0570312E0FB681B68184603F0F8FBBF
:105C1000FB685B695B687A68B968F868984778617F
:105C2000FB681B68184603F0F5FB7B6918461837BC
:105C3000BD4680BD80B586B000AFF860B9607A60BF
:105C4000FB68002B06D0FB685B69002B02D0BB68A9
:105C5000002B02D16FF015031AE0FB685B699B68AB
:105C6000002B02D16FF0570312E0FB681B68184647
:105C700003F0C6FBFB685B699B687A68B968F868E3
:105C800098477861FB681B68184603F0C3FB7B6983
:105C900018461837BD4680BDB0B500AFFCF768FDAB
:105CA000054BD3E90023541C43F10005024BC3E923
:105CB000004500BFB0BD00BF200E002080B582B0FF
:105CC00000AF78607868FCF745FE00BF0837BD4636
:105CD00080BD80B582B000AF78607B684FF47A7287
:105CE00002FB03F31846FCF735FE00BF0837BD463C
:105CF00080BD80B500AF0020FAF7F4FE00BF80BD84
:105D000080B500AF0120FAF7EDFE00BF80BD80B581
:105D100000AF0220FAF7E6FE00BF80BD80B500AFFD
:105D20000320FAF7DFFE00BF80BD000080B500AFA2
:105D30000248FBF7C9F800BF80BD00BF00D001409A
:105D400080B500AF0248FBF7BFF800BF80BD00BFC1
:105D500000E0014080B500AF0248FBF7B5F800BF96
:105D600080BD00BF00F0014080B483B000AF0346A7
:105D70003960FB7197F90730002B0BDA3B68DAB218
:105D80000C49FB7903F00F03043B5201D2B20B44E0
:105D90001A7609E03B68DAB2074997F907305201F1
:105DA000D2B20B4483F8002300BF0C37BD465DF828
:105DB000047B704700ED00E000E100E080B582B0B8
:105DC00000AF78607B68013BB3F1807F01D3012392
:105DD0000FE00A4A7B68013B536007214FF0FF3018
:105DE000FFF7C2FF054B00229A60044B07221A609E
:105DF000002318460837BD4680BD00BF10E000E014
:105E000080B500AF074B1B68074AA2FB03239B0921
:105E10001846FFF7D3FF0120FCF79CFD0346184608
:105E200080BD00BF40060020D34D621080B500AF9A
:105E3000FFF7E6FF0346184680BD000080B483B03C
:105E400000AF0346FB71FB7903F01F03012202FA46
:105E500003F1064A97F907305B0942F8231000BFA7
:105E60000C37BD465DF8047B704700BF00E100E0E1
:105E700080B483B000AF0346FB71FB7903F01F03CE
:105E8000012202FA03F1064A97F907305B09203331
:105E900042F8231000BF0C37BD465DF8047B704705
:105EA00000E100E080B483B000AF03463960FB71CD
:105EB00097F90730002B0BDA3B68DAB20C49FB7913
:105EC00003F00F03043B5201D2B20B441A7609E0EF
:105ED0003B68DAB2074997F907305201D2B20B4456
:105EE00083F8002300BF0C37BD465DF8047B704784
:105EF00000ED00E000E100E080B483B000AF786026
:105F000039603B68002B4CD03B68012B47D03B6885
:105F1000022B42D03B68032B3DD03B68042B38D08A
:105F20003B68052B33D03B68062B2ED03B68072BF4
:105F300029D03B68082B24D03B68092B1FD03B6835
:105F40000A2B1AD03B680B2B15D03B680C2B10D0BA
:105F50003B680D2B0BD03B680E2B06D03B680F2BFC
:105F600001D14F231EE000231CE04E231AE04D23F5
:105F700018E04C2316E04B2314E04A2312E0492397
:105F800010E048230EE047230CE046230AE04523B7
:105F900008E0442306E01F2304E01E2302E01D2343
:105FA00000E01C2318460C37BD465DF8047B7047A3
:105FB00080B483B000AF786039607B681A683B6852
:105FC0001B68D31A18460C37BD465DF8047B704732
:105FD00080B485B000AF78600023FB6021E0FB68EF
:105FE000002B15D0FB68012B10D0FB68022B0BD0C7
:105FF000FB68032B06D0FB68042B01D1362308E095
:10600000002306E03A2304E01A2302E0192300E00B
:1060100018237A68934201D1012306E0FB6801331B
:10602000FB60FB68042BDAD9002318461437BD4601
:106030005DF8047B7047000080B58AB000AF7860DF
:1060400007F1100300221A605A609A60DA607B68D8
:10605000404A93425BD07B683E4A934203D07B68C0
:106060003D4A934251D07B683A4A934207D07B68BD
:10607000394A934203D07B68384A934243D07B68C5
:10608000344A93420BD07B68334A934207D07B68F3
:10609000324A934203D07B68314A934231D07B68C5
:1060A0002C4A93420FD07B682B4A93420BD07B68DB
:1060B0002A4A934207D07B68294A934203D07B68DF
:1060C000284A93421BD07B68224A934215D07B68B2
:1060D000214A934211D07B68204A93420DD07B68BD
:1060E0001F4A934209D07B681E4A934205D07B68C1
:1060F0001D4A934201D10A230AE0002308E0092344
:1061000006E0082304E0072302E0062300E005235D
:106110003B61164B7B627B6A5B6807F1100207F1FB
:106120000C01184602F056FF38623B6A002B0DD175
:10613000FB689B68002B05D0FB689B68FA68D268F7
:10614000104698477868FCF793FE00E000BF2837B8
:10615000BD4680BD0000014000100140002001400C
:1061600000300140000C084000100840980000205A
:1061700080B584B000AF78607B681B4A934214D02E
:106180007B681A4A93420ED07B68194A934208D022
:106190007B68184A934201D1032307E04FF0FF3395
:1061A00004E0022302E0012300E000235B01124A25
:1061B0001344FB607868FDF793FCFB681B68002BB9
:1061C0000ED0FB689B69002B03D1FB681B69002B79
:1061D00003D1FB68DB68002B02D0F868FDF768FC90
:1061E00000BF1037BD4680BD002004400030044091
:1061F0000040044000140840540E002080B500AF59
:106200000248FFF7B5FF00BF80BD00BF002004407B
:1062100080B500AF0248FFF7ABFF00BF80BD00BFF5
:106220000030044080B500AF0248FFF7A1FF00BF77
:1062300080BD00BF0040044080B500AF0248FFF7BA
:1062400097FF00BF80BD00BF0014084080B500AFBD
:106250000248FFF7F1FE00BF80BD00BF0000014013
:1062600080B500AF0248FFF7E7FE00BF80BD00BF6A
:106270000010014080B500AF0248FFF7DDFE00BF0F
:1062800080BD00BF0020014080B58CB000AF7860B9
:106290002D4BFB622D4BBB6207F10C0300221A60F1
:1062A0005A609A60DA6079680020FFF725FE03469D
:1062B000FB60274A7B6808335B01134404331B6887
:1062C000234943F004027B6808335B010B44043329
:1062D0001A60FB6A5B68002B16D0FB6A5B6807F1EB
:1062E0000C0207F12001184602F074FE78627B6A06
:1062F000002B09D13B6A9B68002B05D03B6A9B6849
:106300003A6AD26810469847BB6A5B68002B16D081
:10631000BB6A5B6807F10C0207F11C01184602F02A
:1063200059FE78627B6A002B09D1FB699B68002BC0
:1063300005D0FB699B68FA69D2681046984700BF90
:106340003037BD4680BD00BFB0000020C000002037
:106350000080024080B500AF0020FFF795FF00BF2E
:1063600080BD80B500AF0120FFF78EFF00BF80BD6C
:1063700080B500AF0220FFF787FF00BF80BD80B56A
:1063800000AF0320FFF780FF00BF80BD80B500AFE6
:106390000420FFF779FF00BF80BD80B500AF052066
:1063A000FFF772FF00BF80BD80B500AF0620FFF78A
:1063B0006BFF00BF80BD80B500AF0720FFF764FF13
:1063C00000BF80BD80B500AF0820FFF75DFF00BFB4
:1063D00080BD80B500AF0920FFF756FF00BF80BD2C
:1063E00080B500AF0A20FFF74FFF00BF80BD80B52A
:1063F00000AF0B20FFF748FF00BF80BD80B500AFA6
:106400000C20FFF741FF00BF80BD80B500AF0D201D
:10641000FFF73AFF00BF80BD80B500AF0E20FFF749
:1064200033FF00BF80BD80B500AF0F20FFF72CFF0A
:1064300000BF80BD80B584B000AFFBF7F9F903461B
:10644000FB60124BBB60FB6803F04003002B19D0CC
:106450004020FBF7F7F9BB685B683A4611461846DF
:1064600002F06AFD78607B68002B0ADB3B689B6862
:10647000002B07D03B689B683A68D2681046984763
:1064800000E000BF1037BD4680BD00BF880000207F
:1064900080B588B000AF07F1080300221A605A6087
:1064A0009A60DA600223BB600E4BFB61FB695B689C
:1064B00007F10802391D184602F08CFDB861BB696E
:1064C000002B0AD17B689B68002B07D07B689B68F8
:1064D0007A68D2681046984700E000BF2037BD4672
:1064E00080BD00BFC800002080B58AB000AF7860D2
:1064F00039607B681B684F4A934217D07B681B68E2
:106500004D4A934210D07B681B684C4A934209D095
:106510007B681B684A4A934201D1032307E04FF08E
:10652000FF3304E0022302E0012300E000233B628A
:1065300007F1080300221A605A609A60DA603B6A29
:10654000002B13D03B6A5BB2012B0DD03B6A5BB2D0
:10655000022B07D03B6A5BB2032B01D1582306E024
:10656000002304E0222302E00F2300E00E23BB609F
:106570003B68002B1BD0334B7B623B6A002B10D057
:106580003B6A012B0BD03B6A022B06D03B6A032BE4
:1065900001D12B4B06E0002304E0284B02E0264B00
:1065A00000E0244B0B211846FDF74CFA18E07B68FD
:1065B000DA687B685B699A4206D17B68DB68002BEE
:1065C00002D0214B7B620BE07B681A697B689B6978
:1065D0009A4229D17B681B69002B25D01B4B7B621B
:1065E0007B6A5B6807F1080207F11801184602F0A0
:1065F000F1FCF861FB69002B18D1154A3B6A5B017D
:10660000134400221A60BB699B68002B0FD0114B0A
:1066100001221A70BB699B68BA69D2681046984714
:106620000C4B00221A7002E000BF00E000BF2837C8
:10663000BD4680BD002004400030044000400440BE
:106640000014084080000020700000207800002026
:10665000540E0020D40E002080B584B000AF7860C6
:1066600039603B68002B02D16FF0150323E0144B17
:106670001B68002B05D0124B1A687B681A60002338
:1066800019E01021012002F053F9F860FB68002B9B
:1066900002D16FF00B030EE03B681A68FB681A60CA
:1066A0003B689A68FB68DA607B68FA681A60044A9B
:1066B000FB681360002318461037BD4680BD00BF3D
:1066C000280E002080B584B000AF78607B68002B76
:1066D00002D16FF015032FE00023FB6022E0BB68BE
:1066E000184603F0AFFE164AFB68DB0013445B68F4
:1066F00007F108021146184602F0A5FC0346002BDC
:10670000EDD00F4AFB68DB0013445B68184602F0CB
:10671000EDFA0B4AFB68DB00134400225A60FB6869
:106720000133FB60FB680C2BDDD9786803F08AFE2F
:10673000044B00221A60002318461037BD4680BD66
:1067400068000020280E002080B58CB000AFF860F3
:10675000B9607A60002387F82B3007F1100300221C
:106760001A605A609A60DA60BB683B61B868FFF7EC
:106770002FFC0346002B02D06FF05703C7E0FB68E5
:10678000002B06D07B68002B03D07B681B7A0C2B78
:1067900002D96FF01503BAE07B681B7A5E4ADB0012
:1067A00013445B68002B10D17B681B7ADB005A4ACC
:1067B00013440433594A0321184602F053FAF8628D
:1067C000FB6A002B01D0FB6AA1E07B681B7A524A6E
:1067D000DB0013445B6807F1100207F12001184643
:1067E00002F0F8FBF862FB6A002B2CD0102101208C
:1067F00002F09EF803463B623B6A002B02D16FF029
:106800000B0384E03B6ABA681A603B6A7A68D26814
:106810005A603B6A7A6812689A603B6A7A68526882
:10682000DA607B681B7A3C4ADB0013445B683A6A97
:106830001146184602F0D6FAF862FB6A002B60D1C6
:10684000012387F82B307B685B7A013B082B25D826
:1068500001A252F823F000BFCD6800107D6800103F
:10686000916800109D6800109D6800109D680010E0
:10687000CD680010CD680010CD6800100220FAF736
:10688000B7FFF862FB6A002B22D06FF00F033EE0E7
:106890007B68DB681846FCF7F6FA1AE097F82B30AD
:1068A000002B10D06FF01503FB6200BF7B681B7AD2
:1068B000194ADB0013445B6807F1240211461846AD
:1068C00002F002FC1EE06FF0150320E000BF00E0C4
:1068D00000BF97F82B3083F00103DBB2002B0ED002
:1068E0003B6ABA681A603B6A7A68D2685A603B6A47
:1068F0007A6812689A603B6A7A685268DA600023A4
:1069000005E000BF3B6A184603F09CFDFB6A184691
:106910003037BD4680BD00BF68000020B15F001069
:1069200080B58AB000AFF860B9607A6000233B623E
:1069300007F1100300221A605A609A60DA60BB689F
:106940003B61B868FFF744FB0346002B02D06FF0B1
:1069500057033DE0FB68002B02D07B68002B02D17F
:106960006FF0150334E07B685B7A032B10D0032BA8
:1069700014DC012B02D0022B04D00FE07B68DB6813
:106980007B610CE0144B7B610220FAF741FF06E0CB
:106990007B68DB681846FCF781FA00E000BF7B6883
:1069A0001B7A0E4ADB0013445B6807F1100207F103
:1069B0002001184602F0C9FB78627B6A002B02D0E6
:1069C0006FF0120304E03B6A184603F03BFD7B6A5C
:1069D00018462837BD4680BD006000406800002092
:1069E00080B485B000AFF860B9601346FB716FF0FA
:1069F000570318461437BD465DF8047B704780B4D2
:106A000083B000AF786062B600BF002318460C3731
:106A1000BD465DF8047B704780B483B000AF7860FA
:106A200072B600BF002318460C37BD465DF8047BE4
:106A3000704780B582B000AF786039603B686F2BDB
:106A400002D96FF0150305E03B685BB21846FFF70B
:106A5000F5F9002318460837BD4680BD80B582B0E1
:106A600000AF786039603B686F2B02D96FF0150377
:106A700005E03B685BB21846FFF7FAF900231846B9
:106A80000837BD4680BD80B584B000AFF860B960FE
:106A90007A60BB686F2B02D96FF0150306E0BB6804
:106AA0005BB279681846FFF7FDF9002318461037E6
:106AB000BD4680BD80B588B000AFF860B9607A602F
:106AC0007B68FB61FB691B68DB69BB61FB691B6859
:106AD0005B68002B1DD0FB691B685B68012B16D01F
:106AE000FB691B685B68022B0FD0FB691B685B6846
:106AF000032B08D0FB691B685B68042B01D1354B65
:106B000008E0002306E0344B04E0344B02E0344B51
:106B100000E0344B7B6100BFBB69DA68FB699B68AE
:106B200019461046FEF723FC0346002B0AD0BB692A
:106B3000DA68FB695B6819461046FEF718FC0346E5
:106B4000002BE9D100BF7B691B6B03F00103002B15
:106B5000F9D1BB68002B21D1FB695B69002B05D003
:106B6000FB695B69FA69926910469847FB695B6843
:106B70001846FEF749FBFB699B681846FEF744FB85
:106B8000FB69DB68184601F0E1FEFB691B691846EA
:106B900001F0DCFEF86901F0D9FE18E07B699A6823
:106BA000BB689B681A437B699A60BB689B681946FF
:106BB0000D4802F061FC02467B699B681A437B69C1
:106BC0009A607B695B6843F020027B695A602037DA
:106BD000BD4680BD00E40B4000E00B400080044057
:106BE00000700440006004400000FFFF80B485B0E6
:106BF00000AF78607B68DB69FB607B685B68042BB7
:106C00002FD801A252F823F01D6C00102B6C00103D
:106C1000396C0010476C0010556C0010FB68212285
:106C20005A61FB6801221A611CE0FB6822225A614A
:106C3000FB6802221A6115E0FB6823225A61FB6897
:106C400003221A610EE0FB682F225A61FB680F22B3
:106C50001A6107E0FB6830225A61FB6810221A6152
:106C600000E000BF1437BD465DF8047B704700BFED
:106C700080B58AB000AF78607B68DB697B627B6837
:106C80005B68042B00F2D58001A252F823F000BF0C
:106C9000A56C0010E36C0010376D00108B6D0010B8
:106CA000DF6D0010704A07F1180307CA83E8070078
:106CB0007B681B7B002B02D0012B07D00DE06B4AB9
:106CC00007F10C0307CA83E8070009E0684A07F1E7
:106CD0000C0307CA83E8070002E06FF01503BFE06A
:106CE000AAE0644A07F1180307CA83E807007B6833
:106CF0001B7B022B14D0022B19DC002B02D0012BA2
:106D000007D014E05C4A07F10C0307CA83E80700C8
:106D100010E05A4A07F10C0307CA83E8070009E0AC
:106D2000574A07F10C0307CA83E8070002E06FF037
:106D3000150395E080E0534A07F1180307CA83E87A
:106D400007007B681B7B022B14D0022B19DC002B65
:106D500002D0012B07D014E04B4A07F10C0307CAFD
:106D600083E8070010E0494A07F10C0307CA83E8EB
:106D7000070009E0464A07F10C0307CA83E8070049
:106D800002E06FF015036BE056E0424A07F118038A
:106D900007CA83E807007B681B7B022B14D0022BF9
:106DA00019DC002B02D0012B07D014E03A4A07F17E
:106DB0000C0307CA83E8070010E0384A07F10C0308
:106DC00007CA83E8070009E0354A07F10C0307CA40
:106DD00083E8070002E06FF0150341E02CE0314A40
:106DE00007F1180307CA83E807007B681B7B022BA7
:106DF00014D0022B19DC002B02D0012B07D014E099
:106E0000294A07F10C0307CA83E8070010E0274A64
:106E100007F10C0307CA83E8070009E0244A07F1D9
:106E20000C0307CA83E8070002E06FF0150317E0C0
:106E300002E06FF0150313E07B6A1B685B7987F84B
:106E400022307B6A1B685B79BB7507F11803184613
:106E5000F9F73EFC07F10C031846F9F739FC00235B
:106E600018462837BD4680BD90B700109CB700106B
:106E7000A8B70010B4B70010C0B70010CCB700100E
:106E8000D8B70010E4B70010F0B70010FCB700103E
:106E900008B8001014B8001020B800102CB800106A
:106EA00038B8001044B8001050B800105CB800109A
:106EB00068B8001080B58AB000AF786039607B6830
:106EC000DB693B623B685B694FF47A7203FB02F259
:106ED0007B685B691344FB613B689B694FF47A7282
:106EE00003FB02F27B689B691344BB613B6A5B68EE
:106EF000FA699A4205D13B6A9B68BA699A4200F0E6
:106F00008A807B685B68002B19D07B685B68012BEB
:106F100013D07B685B68022B0DD07B685B68032B0A
:106F200007D07B685B68042B01D13D4B08E0002350
:106F300006E03C4B04E03C4B02E03C4B00E03C4BA9
:106F40007B617B691B693B617869FAF7B3FE034695
:106F5000FB60FB685A08374B1344FA68B3FBF2F343
:106F6000BB603B6A5B68FA699A4221D0FB69002BDF
:106F700002D101237B6204E0FA69BB68B2FBF3F340
:106F80007B627B6AFF2B03D92B4802F0D3FD3EE0E6
:106F90007B691B6923F0FF027B691A61796AFF2014
:106FA00002F06AFA02467B691B691A437B691A611F
:106FB0003B6A9B68BA699A4222D0BB69002B02D116
:106FC00001237B6204E0BA69BB68B2FBF3F37B6226
:106FD0007B6AFF2B03D9194802F0ACFD17E07B69EF
:106FE0001B6923F47F427B691A61796A4FF47F4001
:106FF00002F042FA02467B691B691A437B691A61F7
:107000003B6AFA695A603B6ABA699A6004E07B6934
:107010003A691A6100E000BF2837BD4680BD00BF55
:1070200000E40B4000E00B4000800440007004408E
:107030000060044000CA9A3B04B9001030B9001047
:10704000F0B58FB006AF78607B68DB69BB61BB6968
:107050001B687B6107F1080300221A605A601A81DD
:107060007B681B7B002B0CBF01230023DBB23B7230
:107070007B681B7B012B0CBF01230023DBB27B72DF
:107080007B681B7B022B0CBF01230023DBB2BB728E
:107090007B685B68002B19D07B685B68012B13D081
:1070A0007B685B68022B0DD07B685B68032B07D085
:1070B0007B685B68042B01D16E4C08E0002406E07D
:1070C0006D4C04E06D4C02E06D4C00E06D4C7B6952
:1070D0001B689C467B691D797B689E6802AB07F143
:1070E000080207CA03C31A8001960095634600226E
:1070F00001212046FAF736FCF861FB69002B03D02A
:107100006FF01503FB618DE07868FFF7B1FDF86162
:10711000FB69002B01D0FB69A7E07B685B68002B53
:1071200019D07B685B68012B13D07B685B68022BEE
:107130000DD07B685B68032B07D07B685B68042BF2
:1071400001D14C4B08E0002306E04B4B04E04B4BD5
:1071500002E04B4B00E04B4B7A68527B11461846DD
:10716000FAF782FEF861FB69002B03D06FF015037C
:10717000FB6157E07B685B68002B19D07B685B681C
:10718000012B13D07B685B68022B0DD07B685B689A
:10719000032B07D07B685B68042B01D1354B08E0DB
:1071A000002306E0344B04E0344B02E0344B00E0B3
:1071B000344B01211846FAF747FEF861FB69002BB2
:1071C00003D06FF01503FB612CE07B685B68002B3C
:1071D00019D07B685B68012B13D07B685B68022B3E
:1071E0000DD07B685B68032B07D07B685B68042B42
:1071F00001D1204B08E0002306E01F4B04E01F4BA9
:1072000002E01F4B00E01F4B08211846FAF702FE70
:10721000F861FB69002B03D06FF01503FB6101E0FF
:10722000002322E07B685B68002B19D07B685B68D9
:10723000012B13D07B685B68022B0DD07B685B68E9
:10724000032B07D07B685B68042B01D1094B08E056
:10725000002306E0084B04E0084B02E0084B00E086
:10726000084B1846FAF7C4FCFB6918462437BD469C
:10727000F0BD00BF00E40B4000E00B400080044084
:10728000007004400060044080B586B000AF7860B4
:1072900039603B68002B03D03B689B69002B02D10F
:1072A0006FF0150372E02421012001F041FB3861E9
:1072B0003B69002B02D16FF00B0367E0182101201E
:1072C00001F036FBF860FB68002B03D16FF00B0375
:1072D0007B6154E03B689B69BB603B681A683B6913
:1072E0005A603B685A683B699A603B681A7A3B6906
:1072F0001A733B685A7A3B695A733B689A7A3B69BE
:107300009A73FB68BA681A603B69FA68DA613B698C
:107310005B68042B03D96FF015037B612FE038699C
:10732000FFF78EFE78617B69002B25D1BB689B68D7
:10733000002B19D0BB68DA68BB681B699A4203D37B
:107340006FF015037B611AE0FB6803F10C02BB6868
:107350009B6819461046FDF723FD78617B69002B79
:107360000CD13869FFF742FC0220FEF7B2FC7B68C3
:107370003A691A60002309E000BF00E000BFF86826
:1073800001F0E4FA386901F0E1FA7B691846183730
:10739000BD4680BD80B582B000AF78607B68002BB1
:1073A00002D16FF015032AE07B685B68002B19D0CF
:1073B0007B685B68012B13D07B685B68022B0DD068
:1073C0007B685B68032B07D07B685B68042B01D16B
:1073D0000D4B08E0002306E00C4B04E00C4B02E0F0
:1073E0000C4B00E00C4B1846FAF702FC7B68DB699B
:1073F000184601F0ABFA786801F0A8FA00231846A5
:107400000837BD4680BD00BF00E40B4000E00B40E4
:1074100000800440007004400060044080B58EB0DD
:1074200000AFF860B9607A603B60FB685B68002B76
:1074300019D0FB685B68012B13D0FB685B68022BDB
:107440000DD0FB685B68032B07D0FB685B68042BDF
:1074500001D16C4B08E0002306E06B4B04E06B4B62
:1074600002E06B4B00E06B4BFB62FB68DB69BB62CD
:1074700000237B63FB681B7B7B62FB685B68664A5F
:1074800052F823307A6A9A420ED0F868FFF7D8FD96
:1074900038633B6B002B01D03B6B17E2FB685B68EA
:1074A0005D497A6A41F82320FB6A5B6823F4702205
:1074B000FB6A5A60FB681B7B1A46012393401946FE
:1074C0004FF4702001F0D8FF0246FB6A5B681A4354
:1074D000FB6A5A602421786801F02AFA38623B6A14
:1074E000002B02D16FF00B03F0E12421786801F04A
:1074F0001FFAF861FB69002B03D16FF00B033B63AC
:10750000E0E11C21012001F013FAB861BB69002BF6
:1075100003D16FF00B033B63D1E1FB6ADB6943F0FE
:107520008012FB6ADA61FB6A1B6A43F40062FB6A41
:107530001A62BB681B7B002B06D0FB6A5B6823F4D6
:107540008072FB6A5A6005E0FB6A5B6843F48072F4
:10755000FB6A5A60BB689A68FB6A9A60FB6ADB69DF
:1075600043F04002FB6ADA61BB689B6819462B480E
:1075700001F082FF0246FB6A9B681A43FB6A9A602D
:10758000FB6ADB6943F48002FB6ADA61FB6ADB6950
:1075900043F08022FB6ADA61BB6ADB6807F1140200
:1075A00011461846FDF709FD38633B6B002B40F090
:1075B0008281BB6ADB6807F1100211461846FDF7AD
:1075C000FCFC38633B6B002B40F06C81BB69FA68B4
:1075D0001A603A69BB699A607A69BB695A60BB698B
:1075E000FA69DA60BB693A6A1A6197F84430002B8D
:1075F00005D0BB693A685A61BB693A6C9A6100234D
:107600007B63C4E000E40B4000E00B4000800440DA
:1076100000700440006004402C0E00200000FFFFBA
:107620007A6B1346DB009B1A9B001A46BB689918BD
:107630007A6B1346DB0013449B001A46FB69134424
:107640000A681A60BB6A59697A6B1346DB001344F7
:107650009B001A46FB6913440A465A607A6B13462C
:10766000DB009B1A9B001A46BB6899187A6B13467D
:10767000DB0013449B001A46FB6913448A689A6036
:107680007A6B1346DB0013449B001A46FB691344D4
:1076900008221A777A6B1346DB0013449B001A46C4
:1076A000FB6913448B4A1A617A6B1346DB0013445F
:1076B0009B001A46FB691344BA695A617A6B1346F8
:1076C000DB0013449B001A46FB69134401221A7322
:1076D000BB6A19687A6B1346DB0013449B001A4699
:1076E000FB6913440A699A617A6B1346DB009B1AA3
:1076F0009B001A46BB6899187A6B1346DB0013444B
:107700009B001A463B6A13444A685A60BB6A19696F
:107710007A6B1346DB0013449B001A463B6A134402
:107720000A461A607A6B1346DB009B1A9B001A46C6
:10773000BB6899187A6B1346DB0013449B001A460A
:107740003B6A13448A689A607A6B1346DB001344E1
:107750009B001A463B6A134408221A777A6B134639
:10776000DB0013449B001A463B6A134402221A733F
:10777000BB6A19687A6B1346DB0013449B001A46F8
:107780003B6A1344CA689A617B6B01337B637A6BF3
:107790007B689A42FFF444AFBB6AD8687B697A6819
:1077A000F969FDF77BFC38633B6B002B71D1BB6A39
:1077B000D8683B697A68396AFDF770FC38633B6BBF
:1077C000002B52D1FB6A5B6843F02002FB6A5A60CF
:1077D000BB6ADB683A6911461846FDF732FD38632B
:1077E0003B6B002B43D1BB6ADB687A6911461846B4
:1077F000FDF727FD38633B6B002B3AD197F84430F7
:1078000083F00103DBB2002B2DD000BFBB6ADB6825
:107810003A6911461846FDF798FD034683F00103C7
:10782000DBB2002BF2D1BB6ADB687A6911461846DD
:10783000FDF78BFD034683F00103DBB2002BE5D19E
:1078400000BFFB6A1B6B03F00103002BF9D1FB6A3D
:107850005B6823F02002FB6A5A60FB6ADB6923F055
:107860004012FB6ADA61002330E000BF02E000BF93
:1078700000E000BFBB6ADB687A6911461846FDF775
:107880001CFDBB6ADB683A6911461846FDF715FD19
:1078900000E000BFBB6ADB683A6911461846FDF795
:1078A000CAFB00E000BFBB6ADB687A691146184674
:1078B000FDF7C1FB00E000BFB86901F047F8F869C7
:1078C00001F044F8386A01F041F83B6B184638374C
:1078D000BD4680BDB56A001080B586B002AFF860C5
:1078E000B9607A60002301930023009300237A6833
:1078F000B968F868FFF792FD034618461037BD4691
:1079000080BD80B586B002AFF860B9607A603B6038
:1079100001230193BB6900933B687A68B968F868F2
:10792000FFF77CFD034618461037BD4680BD0000BA
:1079300080B58CB000AFF860B9607A60FB685B68B6
:10794000002B19D0FB685B68012B13D0FB685B68C8
:10795000022B0DD0FB685B68032B07D0FB685B68CC
:10796000042B01D1804B08E0002306E07F4B04E0AC
:107970007F4B02E07F4B00E07F4BFB61012387F8E8
:107980002730012387F8263000233B62FB68002B59
:1079900002D0BB68002B02D16FF01503B4E1FB6885
:1079A0001B7BBB61FB685B68744A52F82330BA6981
:1079B0009A420ED0F868FFF743FB78617B69002B91
:1079C00001D07B69A0E1FB685B686C49BA6941F84A
:1079D0002320FB695B6823F47022FB695A60FB6813
:1079E0001B7B1A460123934019464FF4702001F087
:1079F00043FD0246FB695B681A43FB695A6000233A
:107A00003B627BE1FB69DB6943F08012FB69DA6171
:107A1000FB691B6A43F40062FB691A62FB6900227E
:107A20009A600023BB620023FB623A6A1346DB00C4
:107A30009B1A9B001A46BB6813441B7B002B06D085
:107A4000FB695B6823F48072FB695A6005E0FB699F
:107A50005B6843F48072FB695A603A6A1346DB0044
:107A60009B1A9B001A46BB6813441946F868FFF737
:107A700021FA3A6A1346DB009B1A9B001A46BB6840
:107A800013441B68002B41D03A6A1346DB009B1A53
:107A90009B001A46BB6813449A68FB699A600023EE
:107AA00087F82630FB69DB6943F04002FB69DA6145
:107AB0003A6A1346DB009B1A9B001A46BB681344C4
:107AC0001A68FB6AD1183A6A1346DB009B1A9B00BE
:107AD0001A46BB6813449A68FB6AD31A1A46F869B7
:107AE000FAF7EEF90246FB6A1344FB623A6A134660
:107AF000DB009B1A9B001A46BB6813449B68FA6A1A
:107B00009A420CBF0123002387F826303A6A1346B5
:107B1000DB009B1A9B001A46BB6813445B68002B72
:107B20001BD03A6A1346DB009B1A9B001A46BB68BF
:107B300013449B681946124801F09EFC0246FB69FB
:107B40009B681A43FB699A60FB69DB6943F4800216
:107B5000FB69DA61002387F82730FB695B6843F033
:107B60002002FB695A6097E000E40B4000E00B4004
:107B7000008004400070044000600440400E00207B
:107B80000000FFFF3A6A1346DB009B1A9B001A466F
:107B9000BB6813441B68002B39D03A6A1346DB00DC
:107BA0009B1A9B001A46BB6813449B68FA6A9A4268
:107BB0002DD23A6A1346DB009B1A9B001A46BB681B
:107BC00013441A68FB6AD1183A6A1346DB009B1A01
:107BD0009B001A46BB6813449A68FB6AD31A1A467C
:107BE000F869FAF76DF90246FB6A1344FB623A6AD8
:107BF0001346DB009B1A9B001A46BB6813449B6824
:107C0000FA6A9A420CBF0123002387F826303A6AA9
:107C10001346DB009B1A9B001A46BB6813445B6843
:107C2000002B39D03A6A1346DB009B1A9B001A4698
:107C3000BB6813449B68BA6A9A422DD23A6A1346CB
:107C4000DB009B1A9B001A46BB6813445A68BB6A48
:107C5000D1183A6A1346DB009B1A9B001A46BB6890
:107C600013449A68BB6AD31A1A46F869FAF70CF9F2
:107C70000246BB6A1344BB623A6A1346DB009B1A96
:107C80009B001A46BB6813449B68BA6A9A420CBFB1
:107C90000123002387F8273097F8273083F001036A
:107CA000DBB2002B7FF46EAF97F8263083F0010330
:107CB000DBB2002B7FF466AF00BFFB691B6A03F4E5
:107CC0000063002BF9D0FB695B6823F02002FB699D
:107CD0005A60FB69DB6923F04012FB69DA613A6A9A
:107CE0001346DB009B1A9B001A46BB6813441B69B2
:107CF0001846FDF7E3FF3B6A01333B623A6A7B6853
:107D00009A42FFF47FAE002318463037BD4680BD4F
:107D100080B58CB000AFF860B9601346FB8007F106
:107D2000140300221A605A609A60DA601A615A617C
:107D30009A61BB687B61BB68BB61FB88FB61012307
:107D400087F8203007F1140301221946F868FFF77D
:107D5000EFFD034618463037BD4680BD80B483B082
:107D600000AF7860396000BF0C37BD465DF8047B1A
:107D70007047000080B586B000AF78600B46FB709E
:107D80007B68032B26D801A252F823F09D7D0010BA
:107D9000AB7D0010B97D0010C77D0010154A07F1BA
:107DA0000C0307CA83E8070017E0134A07F10C0326
:107DB00007CA83E8070010E0104A07F10C0307CA5E
:107DC00083E8070009E00E4A07F10C0307CA83E8BD
:107DD000070002E06FF0150307E0FB78BB7507F1C1
:107DE0000C031846F8F774FC002318461837BD46F4
:107DF00080BD00BF00B7001024B7001048B70010C6
:107E00006CB7001080B586B000AFF860B9607A60DA
:107E100000237B61FB68002B05D0BB68002B02D0E0
:107E20007B68002B02D16FF0150349E0FB68DB682B
:107E3000002B1FD000237B6116E0FB68D868BA686E
:107E40007B691344194600F0E2FD38613B69002B61
:107E500007D07B69002B01D07B6931E06FF00A030A
:107E60002EE07B6901337B617B687A699A42E4D3B7
:107E70007B6925E0FB681B79002B13D0FB681B791D
:107E8000012B0DD0FB681B79022B07D0FB681B79F7
:107E9000032B01D10C4B06E0002304E00B4B02E066
:107EA0000B4B00E00B4B3A1DB9681846FBF74CFD35
:107EB00038613B69002B02D06FF0040300E07B685F
:107EC00018461837BD4680BD0014084000400440E5
:107ED000003004400020044080B588B000AFF86056
:107EE000B9607A600023FB61FB68002B05D0BB689A
:107EF000002B02D07B68002B5AD16FF015035BE09A
:107F00007B68082B28BF08237B6100BFFB681B79B7
:107F1000002B13D0FB681B79012B0DD0FB681B795C
:107F2000022B07D0FB681B79032B01D1244B06E001
:107F3000002304E0234B02E0234B00E0234B1846D0
:107F4000FBF7AAFD034603F04003002BDED0FB68DD
:107F50001B79002B13D0FB681B79012B0DD0FB681C
:107F60001B79022B07D0FB681B79032B01D1144B23
:107F700006E0002304E0134B02E0134B00E0134B38
:107F8000FA69B968114407F114021846FBF7ECFCD2
:107F9000B8617B69FA691344FB617B691A467B68A7
:107FA0009B1A7B60BB69002B02D06FF0040303E0D7
:107FB0007B68002BA4D1FB6918462037BD4680BDE5
:107FC00000140840004004400030044000200440F9
:107FD00080B586B000AFF860B9607A60FB68002BAE
:107FE00005D0BB68002B02D07B68002B02D16FF05C
:107FF00015035DE0FB681B797B617B69002B10D06A
:108000007B69012B0BD07B69022B06D07B69032B8C
:1080100001D1294B06E0002304E0284B02E0284B65
:1080200000E0284B28497A6952010A441360264A25
:108030007B695B0113440833BA681A60224A7B6982
:108040005B01134410337A681A601F4A7B695B0135
:108050001344043300221A601B4A7B695B011344FA
:108060000C3300221A60184A7B695B0113441833F1
:1080700000221A60144A7B695B0113441C33134AC3
:108080001A60134B1B7883F00103DBB2002B0ED078
:108090007B695B010C4A13441846FBF709FD386104
:1080A0003B6913F1060F02D16FF00F0300E00023CC
:1080B00018461837BD4680BD0014084000400440F3
:1080C0000030044000200440540E0020E9640010F9
:1080D000D40E002080B586B000AFF860B9607A6039
:1080E000FB68002B05D0BB68002B02D07B68002BFF
:1080F00002D16FF015035DE0FB681B797B617B6942
:10810000002B10D07B69012B0BD07B69022B06D092
:108110007B69032B01D1294B06E0002304E0284BA7
:1081200002E0284B00E0284B28497A6952010A44B2
:108130001360264A7B695B0113440433BA681A60F2
:10814000224A7B695B0113440C337A681A601F4A28
:108150007B695B011344083300221A601B4A7B6968
:108160005B011344103300221A60184A7B695B01DB
:108170001344143300221A60144A7B695B011344D0
:108180001C33134A1A60134B1B7883F00103DBB2D4
:10819000002B0ED07B695B010C4A13441846FBF799
:1081A00087FC38613B6913F1060F02D16FF00F03B2
:1081B00000E0002318461837BD4680BD0014084073
:1081C000004004400030044000200440540E0020D1
:1081D000E9640010D40E002080B584B000AF786050
:1081E0007B68FB60FB68DB68074A1278114618461B
:1081F00000F02EFC01220449F868FFF7E9FE00BFF9
:108200001037BD4680BD00BFD50E002080B592B0AE
:1082100000AF786039603B68002B03D03B689B69F6
:10822000002B02D16FF01503C1E11C21012000F0E9
:108230007FFBF862FB6A002B02D16FF00B03B6E103
:108240000421012000F074FBB862FB6A002B03D10B
:108250006FF00B037B64A0E1FB6ABA6A9A613B682A
:108260001B78002B13D03B681B78012B0DD03B688B
:108270001B78022B07D03B681B78032B01D18F4B57
:1082800006E0002304E08E4B02E08E4B00E08E4BB4
:108290003B633B689B697B623B681A78FB6A1A7197
:1082A0003B68DA68FB6A1A613B685B7C042B1ED86A
:1082B00001A252F823F000BFCD820010D38200103B
:1082C000DB820010E3820010E982001000237B6350
:1082D00011E06FF015037B645FE16FF015037B64C1
:1082E0005BE104237B6306E002237B6303E06FF022
:1082F00015037B6451E13B681B7C032B16D801A25C
:1083000052F823F0158300101B8300102183001006
:10831000278300100523FB630CE00623FB6309E0C1
:108320000723FB6306E00823FB6303E06FF01503FC
:108330007B6432E13B689B7C002B02D0012B03D095
:1083400005E000233B6406E001233B6403E06FF09B
:1083500015037B6421E17B6A1B78022B0CD0022B76
:108360000DDC002B02D0012B03D008E00023BB63FF
:1083700009E00123BB6306E00123BB6303E06FF068
:1083800015037B6409E1FB6A1B6900221946386BFF
:10839000FAF78AFE78647B6C002B03D06FF015032C
:1083A0007B64FAE0FB6A1B791A467B6A5B781946A4
:1083B0001046FFF7DFFC78647B6C002B40F0E88010
:1083C000F96B386BFBF7D0F878647B6C002B03D02B
:1083D0006FF015037B64E0E07B6BDBB21946386B12
:1083E000FBF7E0F878647B6C002B03D06FF015038B
:1083F0007B64D2E03B6CDBB21946386BFBF7C2F80A
:1084000078647B6C002B03D06FF015037B64C4E0B1
:10841000BB6BDBB208221946386BFBF7D3F87864E4
:108420007B6C002B03D06FF015037B64B5E07B6899
:10843000FA6A1A603B681B7A002B00F0A780FB6A7F
:108440000C33184600F08DFA78647B6C002B40F0FA
:10845000A18007F1180300221A605A609A601B4B32
:10846000FB61BB6A07F1180211461846FDF704F9D3
:1084700078647B6C002B40F08F80154BBB60FB6AEF
:10848000FB6002233B7401237B74FB6A1B79002B86
:1084900020D0FB6A1B79012B0DD0FB6A1B79022BC4
:1084A00007D0FB6A1B79032B01D1044B13E0002397
:1084B00011E0034B0FE0034B0DE000BF0014084038
:1084C000004004400030044000200440D0B80010B8
:1084D000D9810010384B7B61BB6A1868FB6A1B7935
:1084E000002B13D0FB6A1B79012B0DD0FB6A1B7983
:1084F000022B07D0FB6A1B79032B01D1582306E01E
:10850000002304E0222302E00F2300E00E2307F102
:1085100008021946FDF70DF978647B6C002B2CD10D
:10852000BB6A1A68FB6A1B79002B13D0FB6A1B79A4
:10853000012B0DD0FB6A1B79022B07D0FB6A1B793C
:10854000032B01D1582306E0002304E0222302E09C
:108550000F2300E00E2319461046FDF732F9786428
:108560007B6C002B0BD101221449F86AFFF730FD18
:1085700078647B6C002B09D002E000BF00E000BFF4
:10858000BB6A1B681846FDF7A9F806E000230EE059
:1085900000BF02E000BF00E000BFB86A00F0D6F9FB
:1085A000F86A00F0D3F9386BFAF706FE7B6C1846D0
:1085B0004837BD4680BD00BF00200440D50E0020D6
:1085C00080B588B000AF786007F1080300221A6018
:1085D0005A609A60DA6002233B7401237B747B68E3
:1085E0001B79002B13D07B681B79012B0DD07B6886
:1085F0001B79022B07D07B681B79032B01D1654BBC
:1086000006E0002304E0644B02E0644B00E0644BAE
:108610007B617B68002B02D16FF01503B5E07B68AE
:108620001B79FB617B689B69BB617B68DB68002B06
:108630004DD0BB691A687B681B79002B13D07B680F
:108640001B79012B0DD07B681B79022B07D07B682F
:108650001B79032B01D1582306E0002304E02223D9
:1086600002E00F2300E00E2319461046FDF7CBF879
:10867000BB6918687B681B79002B13D07B681B795A
:10868000012B0DD07B681B79022B07D07B681B79EF
:10869000032B01D1582306E0002304E0222302E04B
:1086A0000F2300E00E2307F108021946FDF765F8D5
:1086B000BB691B681846FDF711F87B68DB68184634
:1086C00000F0E7F97B68DB68184600F03FF9FB69CA
:1086D000002B10D0FB69012B0BD0FB69022B06D0BD
:1086E000FB69032B01D12B4B06E0002304E02A4B4E
:1086F00002E02A4B00E02A4B2A49FA6952010A4457
:108700001360284AFB695B0113441C33264A1A6034
:10871000FB69002B10D0FB69012B0BD0FB69022BEE
:1087200006D0FB69032B01D11A4B06E0002304E0BD
:10873000194B02E0194B00E0194B1846FBF7C4F93E
:108740007B681B79002B13D07B681B79012B0DD024
:108750007B681B79022B07D07B681B79032B01D127
:108760000C4B06E0002304E00B4B02E00B4B00E057
:108770000B4B1846FAF720FD7B689B69184600F002
:10878000E5F8786800F0E2F8002318462037BD4687
:1087900080BD00BF00140840004004400030044089
:1087A00000200440540E00205D7D001080B483B092
:1087B00000AF78606FF0570318460C37BD465DF880
:1087C000047B704780B582B000AF78607B68002B77
:1087D00004DB7B68022B01DC002306E001F062F978
:1087E000034609221A604FF0FF3318460837BD468A
:1087F00080BD80B582B000AF78607B68002B04DB61
:108800007B68022B01DC012305E001F04BF90346F4
:1088100009221A60002318460837BD4680BD80B57E
:1088200084B000AFF860B9607A6001F03BF90346AC
:1088300009221A604FF0FF3318461037BD4680BD3D
:1088400080B582B000AF786039607B68002B08DBB0
:108850007B68022B05DC3B684FF400525A60002312
:1088600005E001F01FF9034609221A6000231846AB
:108870000837BD4680BD000080B586B000AFF86007
:10888000B9607A60FB68002B15D1104B1B68012280
:10889000B9681846FDF79CF978617B69002B08DA06
:1088A00001F000F902467B695B4213604FF0FF3331
:1088B00008E07B6906E001F0F5F8034609221A603A
:1088C0004FF0FF3318461837BD4680BDD80E002044
:1088D00080B586B000AFF860B9607A60FB68012BA4
:1088E00002D0FB68022B15D1104B1B687A68B9685F
:1088F0001846FDF79FF978617B69002B08DA01F0D3
:10890000D1F802467B695B4213604FF0FF3308E009
:108910007B6906E001F0C6F8034609221A604FF0B1
:10892000FF3318461837BD4680BD00BFD80E002063
:1089300080B582B000AF786039603968786801F03E
:10894000B7F8034618460837BD4680BD80B582B0EB
:1089500000AF7860786801F075FD00BF0837BD464C
:1089600080BD80B584B000AF78607B68002B02D1F9
:108970006FF0150320E008210120FFF7D9FFF86010
:10898000FB68002B02D16FF00B0315E04FF48071F0
:108990000120FFF7CDFF0246FB681A60FB681B68E9
:1089A000002B05D1F868FFF7D1FF6FF00B0303E050
:1089B0007B68FA681A60002318461037BD4680BDF0
:1089C00080B483B000AF78607B685B7901337A68EC
:1089D000127993420CBF01230023DBB218460C37F7
:1089E000BD465DF8047B704780B483B000AF78600B
:1089F0007B685A797B681B799A420CBF012300235C
:108A0000DBB218460C37BD465DF8047B704780B575
:108A100082B000AF786039607868FFF7E5FF034601
:108A2000002B02D04FF0FF330EE07B681B687A68A2
:108A3000127913441A783B681A707B681B790133EA
:108A4000DAB27B681A71002318460837BD4680BD2C
:108A500080B582B000AF78600B46FB707868FFF796
:108A6000AFFF0346002B02D04FF0FF330DE07B68D1
:108A70001B687A6852791344FA781A707B685B79BC
:108A80000133DAB27B685A71002318460837BD46B5
:108A900080BD80B582B000AF78607B68002B08D0C5
:108AA0007B681B68002B04D07B681B681846FFF7A7
:108AB0004DFF00BF0837BD4680BD80B483B000AF16
:108AC000786039607A683B68D31A9B1018460C3777
:108AD000BD465DF8047B704780B586B000AFF86096
:108AE000B9607A600C210120FFF722FF78617B6971
:108AF000002B01D1002309E07B69FA681A607B69C9
:108B0000BA685A607B697A689A607B691846183738
:108B1000BD4680BD80B485B000AFF860B9607A60B2
:108B2000FB68002B07D0BB68002B01D0BB6800E0BE
:108B30007B68FA689360BB68002B05D0BB68FA6855
:108B40005A60BB687A689A607B68002B07D0BB6864
:108B5000002B01D0BB6800E0FB687A68536000BF5F
:108B60001437BD465DF8047B704780B485B000AF14
:108B7000F860B9607A60FB681B68BA689A420CD1E9
:108B8000FB687A685A60BB68002B02D07B68002BB8
:108B90000FD1FB687A681A600BE0FB68BA681A604C
:108BA0007B68002B02D0BB68002B02D1FB68BA683F
:108BB0005A6000BF1437BD465DF8047B7047000063
:108BC00080B483B000AF78600B46FB70FB78012B5C
:108BD00011D0032B1FD17B681A4A1A607B681A4A8E
:108BE0005A607B68194A9A607B68194ADA607B6828
:108BF000184A1A611FE07B68174A1A607B68124A9C
:108C00005A607B68114A9A607B68114ADA607B6817
:108C1000104A1A610FE07B680F4A1A607B680F4A9E
:108C20005A607B680A4A9A607B68084ADA607B6807
:108C30000B4A1A6100BF00BF0C37BD465DF8047BCC
:108C4000704700BF4F8E001047900010398F001002
:108C5000878F0010D58E0010E58D0010C990001090
:108C6000078F001080B586B000AFF8600B467A60C1
:108C7000FB72FB68002B02D14FF0FF332FE018216D
:108C80000120FFF755FE78617B69002B02D14FF080
:108C9000FF3324E01C210120FFF74AFE38613B69C5
:108CA000002B05D17869FFF751FE4FF0FF3316E036
:108CB000FB687A691A607B693A695A617B68002BA4
:108CC00001D07B6800E0084B3A69D360FB7A194613
:108CD0007869FFF775FF3B693A695A6100231846C6
:108CE0001837BD4680BD00BFBB8A001080B584B078
:108CF00000AF78607B68002B02D14FF0FF331CE09F
:108D00007B685B69FB60FB681B69002B02D04FF03E
:108D1000FF3312E000BF07F108031946786800F03E
:108D200092F90346002BF6D07B685B691846FFF783
:108D30000DFE7868FFF70AFE002318461037BD467F
:108D400080BD80B485B000AF786039607B68002B4F
:108D500002D03B68002B02D14FF0FF3307E07B6865
:108D60005B69FB60FB689A683B681A6000231846E1
:108D70001437BD465DF8047B704780B586B000AF00
:108D8000786039607B68002B02D14FF0FF3325E01B
:108D90007B685B697B6100233B617B691B68FB60CF
:108DA000FA6839693868FFF797FEB860BB68002B2E
:108DB00002D14FF0FF3311E0FA68B9683869FFF764
:108DC000A9FE7B695B681A46B9687869FFF7CDFE32
:108DD0007B699B685A1C7B699A6000231846183788
:108DE000BD4680BD80B586B000AF786039607B68D5
:108DF000002B02D14FF0FF3325E07B685B697B617C
:108E00007B695B683B610023FB60FA6839693868FD
:108E1000FFF762FEB860BB68002B02D14FF0FF3352
:108E200011E0FA68B9683869FFF774FE7B691B685E
:108E3000BA6819467869FFF798FE7B699B685A1CE7
:108E40007B699A60002318461837BD4680BD80B5FF
:108E500084B000AF786039607B68002B02D14FF09E
:108E6000FF3333E07B685B69BB60BB681B68FB60FA
:108E70000CE0BB68DB68FA681268396810469847EE
:108E80000346002B06DCFB689B68FB60FB68002B3D
:108E9000EFD100E000BFFB68002B0CD1BB685A6823
:108EA000BB689A61BB68143301223968184600F028
:108EB00034FA03460AE0BB68FA689A61BB68143367
:108EC00000223968184600F028FA03461846103781
:108ED000BD4680BD80B485B000AF786039607B68E6
:108EE000002B02D14FF0FF3307E07B685B69FB602A
:108EF000FB681B683A681A60002318461437BD46A1
:108F00005DF8047B704780B485B000AF786039604D
:108F10007B68002B02D14FF0FF3307E07B685B6971
:108F2000FB60FB685B683A681A60002318461437D8
:108F3000BD465DF8047B704780B485B000AF7860B3
:108F400039607B68002B02D03B68002B02D14FF0C8
:108F5000FF3312E03B6800221A607B685B69FB60AC
:108F6000FB681B68002B02D14FF0FF3305E0FB6864
:108F70001B681A683B681A60002318461437BD4600
:108F80005DF8047B704780B485B000AF78603960CD
:108F90007B68002B02D03B68002B02D14FF0FF33DF
:108FA00012E03B6800221A607B685B69FB60FB682B
:108FB0005B68002B02D14FF0FF3305E0FB685B6874
:108FC0001A683B681A60002318461437BD465DF8DE
:108FD000047B704780B586B000AFF860B9607A60F6
:108FE000FB68002B02D0BB68002B02D14FF0FF338F
:108FF00025E0BB6800221A60FB685B697B617B69C6
:10900000002B02D14FF0FF3319E0FB685B697B61F5
:109010007B691A687B699A617B69143379681846A1
:1090200000F0C3F80346002B02D04FF0FF3306E0F8
:109030007B691433B968184600F04FF903461846A7
:109040001837BD4680BD80B586B000AF7860396006
:109050007B68002B02D03B68002B02D14FF0FF331E
:109060002EE03B6800221A607B685B697B617B694C
:109070009B68002B02D14FF0FF3321E07B691B6816
:109080003B613B695B68FB603B699B68BB60BA689E
:109090000021F868FFF73EFD7B695B681A46B968F6
:1090A0007869FFF762FD7B699B685A1E7B699A604D
:1090B0003B691A683B681A603869FFF747FC002370
:1090C00018461837BD4680BD80B586B000AF7860C1
:1090D00039607B68002B02D03B68002B02D14FF037
:1090E000FF332EE03B6800221A607B685B697B617E
:1090F0007B699B68002B02D14FF0FF3321E07B6935
:109100005B683B613B695B68FB603B699B68BB607C
:10911000BA680021F868FFF7FDFC7B691B68FA68F4
:1091200019467869FFF721FD7B699B685A1E7B69A8
:109130009A603B691A683B681A603869FFF706FC59
:10914000002318461837BD4680BD80B586B000AFF5
:10915000F860B9607A60FB68002B02D0BB68002B16
:1091600002D14FF0FF331CE0BB6800221A60FB689D
:109170005B697B617B691A687B699A617B691433DF
:109180007968184600F011F80346002B02D04FF022
:10919000FF3306E07B691433B968184600F033F8F2
:1091A000034618461837BD4680BD80B584B000AF71
:1091B000786039607B68BB60BB68002B02D14FF0E0
:1091C000FF331CE0BB681B681B68FB6012E0BB68D8
:1091D0001B68DB68FA6812683968104698470346CE
:1091E000002B04D1BB68FA685A60002307E0FB68D3
:1091F0009B68FB60FB68002BE9D14FF0FF331846FA
:109200001037BD4680BD80B584B000AF786039604E
:109210007B68BB60BB68002B06D0BB685B68002B1B
:1092200002D03B68002B02D14FF0FF3351E0BB6806
:109230005B685868BB685B689B681A460021FFF74B
:1092400069FCBB685A68BB681B681B689A420BD1F3
:10925000BB681868BB685B689968BB681B685B681B
:109260001A46FFF782FC11E0BB685A68BB681B68AE
:109270005B689A420AD1BB681868BB681B681968AA
:10928000BB685B685B681A46FFF76FFCBB681B68CE
:109290009A68013A9A60BB685B681A683B681A6012
:1092A000BB685A68BB681B685B689A4204D1BB689C
:1092B0005B685B68FB6003E0BB685B689B68FB60A6
:1092C000BB685B681846FFF741FBBB68FA685A60E9
:1092D000002318461037BD4680BD80B485B000AF6E
:1092E000786039607B68FB60FB68002B06D0FB6808
:1092F0005B68002B02D03B68002B02D14FF0FF339C
:1093000005E0FB685B681A683B681A600023184632
:109310001437BD465DF8047B704780B58CB000AF54
:10932000F860B9601346FB71FB68BB62BB6A002B37
:1093300002D14FF0FF3355E0FB681B687B62FB797D
:10934000002B0ED0BB6A5A68BB6A1B685B689A42E6
:1093500007D107F11003B9681846FFF743FD03462C
:1093600040E0FB7983F00103DBB2002B0ED0BB6A37
:109370005A68BB6A1B681B689A4207D107F1100341
:10938000B9681846FFF7F9FC03462BE0FB79002B80
:109390000AD0BB6A5968BB6A5B689B681A46B868A2
:1093A000FFF79AFBF86209E0BB6A5B685968BB6A21
:1093B0005B681A46B868FFF78FFBF862FB6A002B00
:1093C00002D14FF0FF330DE0FB6A5868FB6A9B68DF
:1093D0001A46F96AFFF79EFBBB6A1B689A6801325E
:1093E0009A60002318463037BD4680BD80B483B0F4
:1093F00000AF786000BF0C37BD465DF8047B704756
:1094000080B483B000AF786000BF0C37BD465DF814
:10941000047B704780B483B000AF786000BF0C3726
:10942000BD465DF8047B704780B483B000AF7860C0
:1094300000BF0C37BD465DF8047B704780B485B033
:1094400000AF78600023FB600CE07B6803F0010351
:10945000002B01D0FB6809E07B685B087B60FB6840
:109460000133FB607B68002BEFD1202318461437B3
:10947000BD465DF8047B704780B582B000AF786070
:1094800039607868FFF7DAFF02463B6803FA02F2B8
:109490007B68134018460837BD4680BD4B4885465B
:1094A0004B48804780B94B494B4A4C4B9B1A03DDD4
:1094B000043BC858D050FBDC49494A4A002091423D
:1094C000BCBF41F8040BFAE747488047474880474C
:1094D00047488047FFF7FEFFFEE7FEE7FEE7FEE7AF
:1094E000FEE7FEE7FEE7FEE7FEE7FEE7FEE7FEE754
:1094F000FEE7FEE7FEE7FEE7FEE7FEE7FEE7FEE744
:10950000FEE7FEE7FEE7FEE7FEE7FEE7FEE7FEE733
:10951000FEE7FEE7FEE7FEE7FEE7FEE7FEE7FEE723
:10952000FEE7FEE7FEE7FEE7FEE7FEE7FEE7FEE713
:10953000FEE7FEE7FEE7FEE7FEE7FEE7FEE7FEE703
:10954000FEE7FEE7FEE7FEE7FEE7FEE7FEE7FEE7F3
:10955000FEE7FEE7FEE7FEE7FEE7FEE7FEE7FEE7E3
:10956000FEE7FEE7FEE7FEE7FEE7FEE7FEE7FEE7D3
:10957000FEE7FEE7FEE7FEE7FEE7FEE7FEE7FEE7C3
:10958000FEE7FEE7FEE7FEE7FEE7FEE7FEE7FEE7B3
:10959000FEE7FEE7FEE7FEE7FEE7FEE7FEE7FEE7A3
:1095A000FEE7FEE7FEE7FEE7FEE7FEE7FEE7FEE793
:1095B000FEE7FEE7FEE7FEE7FEE7FEE7FEE7FEE783
:1095C000FEE7FEE7FEE7FEE7FEE7FEE7000010200D
:1095D000CD030010BCB900100000002020060020C0
:1095E00020060020E411002009040010559A001004
:1095F000D149001053B94AB9002908BF00281CBF3F
:109600004FF0FF314FF0FF3000F088B9ADF1080C9A
:109610006DE904CE00F006F8DDF804E0DDE9022390
:1096200004B070472DE9F047089D0F4604468C466C
:10963000002B48D18A42164661D9B2FA82F34BB167
:10964000C3F1200201FA03FC20FA02F29E4042EA32
:109650000C0C9C404FEA164EB7B2BCFBFEF1220C3C
:109660000EFB11CC42EA0C4201FB07F0904209D9F3
:10967000B21801F1FF3C80F0EE80904240F2EB80A6
:1096800002393244121AA4B2B2FBFEF00EFB1022D1
:1096900044EA024400FB07F7A74209D9341900F154
:1096A000FF3280F0DA80A74240F2D780344402389B
:1096B00040EA0140E41B00211DB1DC400023C5E964
:1096C0000043BDE8F0878B4206D90DB1C5E9000122
:1096D00000210846BDE8F087B3FA83F1002948D19C
:1096E000BB4202D3824200F20781841A67EB030275
:1096F00001209446002DE4D0C5E9004CE1E7002AA2
:1097000000F09280B2FA82F3002B40F0A8808A1A0F
:109710004FEA164E1FFA86FC0121200CB2FBFEF721
:109720000EFB172240EA02420CFB07F0904207D9D9
:10973000B21807F1FF3802D2904200F2E2804746A9
:10974000121AA4B2B2FBFEF00EFB102244EA02444D
:109750000CFB00FCA44507D9341900F1FF3202D2FA
:10976000A44500F2CB801046A4EB0C0440EA07406D
:10977000A2E7C1F120068B4022FA06FC4CEA030C5A
:1097800007FA01F420FA06F3F7404FEA1C49234395
:1097900000FA01F81FFA8CFEB7FBF9F01C0C09FB6C
:1097A000107744EA074400FB0EF7A74202FA01F2E1
:1097B0000AD91CEB040400F1FF3A80F09B80A74219
:1097C00040F2988002386444E41B9FB2B4FBF9F382
:1097D00009FB134447EA044403FB0EFEA64509D9DE
:1097E0001CEB040403F1FF3780F08280A6457FD98B
:1097F000023B644443EA0040A4EB0E04A0FB02E7F2
:10980000BC427346B94663D360D05DB1B8EB030286
:1098100064EB090404FA06F622FA01F31E43CC4075
:10982000C5E9006400214CE76208480842EAC171BA
:109830000B0C43EA00438AB242EA0342B3FBF6F15F
:10984000E407B4463746B6461F23B0FBF6F0D21BFA
:1098500041EA004161E7614614E7104628E7C3F199
:10986000200120FA01F29E4027FA01F19F403A437D
:109870004FEA164E1FFA86FCB1FBFEF70EFB1710DF
:10988000110C41EA004107FB0CF8884504FA03F487
:109890003AD9711807F1FF3001D288451FD8A1EBE2
:1098A0000801B1FBFEF808FB0CF70EFB181192B291
:1098B00042EA0142BA422FD2B21808F1FF31C6D2B1
:1098C000BA42C4D2A8F102013244C0E7F0459CD2AA
:1098D000BEEB020367EB0C070138B94695E7A6EB30
:1098E00008084144B81EB1FBFEF808FB0CF7DCE7A2
:1098F0003B467FE7504667E70846FBE634440238BC
:1099000032E7023F32441BE7A1EB08013846B1FBC6
:10991000FEF808FB0CF7C8E7414698E7704700BF20
:10992000844641EA000313F003036DD1403A41D36A
:1099300051F8043B40F8043B51F8043B40F8043B29
:1099400051F8043B40F8043B51F8043B40F8043B19
:1099500051F8043B40F8043B51F8043B40F8043B09
:1099600051F8043B40F8043B51F8043B40F8043BF9
:1099700051F8043B40F8043B51F8043B40F8043BE9
:1099800051F8043B40F8043B51F8043B40F8043BD9
:1099900051F8043B40F8043B51F8043B40F8043BC9
:1099A00051F8043B40F8043B51F8043B40F8043BB9
:1099B000403ABDD2303211D351F8043B40F8043B59
:1099C00051F8043B40F8043B51F8043B40F8043B99
:1099D00051F8043B40F8043B103AEDD20C3205D369
:1099E00051F8043B40F8043B043AF9D2043208D061
:1099F000D2071CBF11F8013B00F8013B01D30B88D3
:109A000003806046704700BF082A13D38B078DD0B0
:109A100010F003038AD0C3F10403D21ADB071CBF82
:109A200011F8013B00F8013B80D331F8023B20F8EC
:109A3000023B7BE7043AD9D3013A11F8013B00F825
:109A4000013BF9D20B7803704B7843708B788370AD
:109A50006046704770B50F4B0F4DAB42A3EB050648
:109A600007D0B610002455F8043B01349847A642AD
:109A7000F9D801F091FF094D094B5E1BAB424FEA4B
:109A8000A60606D0002455F8043B01349847A642A8
:109A9000F9D870BD1406002014060020140600201A
:109AA0001C060020014B1868704700BFE00400202E
:109AB00010B4044C03460A4620685DF8044B19466E
:109AC00000F040B8E004002070B504468AB00846B3
:109AD0000D4601F015FA164E626B079001214318EE
:109AE000CDE90861022006A903910695A1680593B6
:109AF0000490BAB1B1F90C304A6E98040DD443F415
:109B0000005322F400528B814A6603AA204600F0DB
:109B10009DFE20B90A200AB070BD9304F5D54FF020
:109B2000FF30F8E72046019101F092F90199E1E751
:109B300094B90010024B01461868FFF7C5BF00BF7B
:109B4000E004002038B5A1FB021454BB00F030F84B
:109B5000054650B350F8042C22F00302043A242A9C
:109B600010D8132A13D91B2AC0E9004416D9242A75
:109B7000C0E902440ABFC0E9044400F1100200F148
:109B8000180205E0214600F065FC284638BD024673
:109B90000023C2E900339360284638BD00F1080273
:109BA000F6E7FFF77FFF0C2303600025284638BD4A
:109BB0002DE9F04F01F10B05162D83B0064623D891
:109BC000102900F2B48000F037FE1025182302207F
:109BD000C64F3B44A3F108025C68944200F06C81DC
:109BE0006368E268A16823F00303CA602344304637
:109BF00091605A6842F001025A6000F01FFE08347A
:109C0000204603B0BDE8F08F35F0070500F18F80E6
:109C1000A94200F28C8000F00FFEB5F5FC7FC0F089
:109C2000B9815FEA552E00F08980BEF1040F00F281
:109C300071814FEA951E0EF1390003B20EF1380E14
:109C4000DB00AA4F3B44A3F1080C5C68A44507D194
:109C50000DE0002AE16880F229818C4507D00C468E
:109C6000636823F003035A1B0F2AF2DD7046DFF806
:109C700080823C69444500F00681636823F0030C50
:109C8000ACEB05030F2B00F38A81002BC7E9048896
:109C900080F27481BCF5007FD7F804E080F0128177
:109CA0004FEADC03013319B24FEA5C1C012303FACB
:109CB0000CF357F83120A2604EEA030E07EBC10304
:109CC000083BE360C7F804E047F83140D4608310F4
:109CD0004FF0010C0CFA03FCF44535D81CEA0E0FCA
:109CE00008D120F003004FEA4C0C1CEA0E0F00F1E3
:109CF0000400F8D007EBC00AD6468146DEF80C30E7
:109D00000BE0596821F003014A1B0F2A1C46DB684F
:109D100000F31081002A80F224819E45F1D109F1DF
:109D2000010919F0030F0EF1080EE7D162E10C23CF
:109D300033600024204603B0BDE8F08F4FF4007379
:109D400040204FF03F0E7CE7BC68636823F00309B6
:109D5000A94504D3A9EB05030F2B00F39780DFF887
:109D600094B1DBF8002004EB09031032082002EB69
:109D70000508009300F074FFD7F80814013102467B
:109D800005D008F1FF388044414201EA0808414605
:109D90003046009200F0D4F9B0F1FF3F009A8246BD
:109DA00000F0198104EB0903834200F21281DBF811
:109DB00004104144CBF8041002F1FF3C00F06D8127
:109DC000D7F80804013000F0748104EB0903AAEB12
:109DD00003031944CBF804101AF00703009300F0B2
:109DE0002E81C3F108018A44D0440A4408EA0C01D8
:109DF000521A02EA0C013046019100F0A1F9421C0E
:109E000000F074810199A0EB0A0000EB0108DBF877
:109E10000420C7F808A048F001001144BC42CAF869
:109E20000400CBF8041015D0B9F10F0F40F24481B3
:109E30006268A9F10C0020F0070002F00102024361
:109E40006260052322180F28C2E9013300F256810F
:109E5000DAF80400DBF82C208A42DBF8302038BF27
:109E6000CBF82C108A4238BFCBF83010544620F083
:109E70000308A845A8EB050301D30F2B06DC3046E9
:109E800000F0DCFC55E7D7F804E020E7621943F066
:109E9000010345F0010565603046BA60536000F08B
:109EA000CDFC0834204603B0BDE8F08FA2682344FF
:109EB000D16030468A609CE6DC68A3427FF490AEB5
:109EC0000230D4E6BCF5206F4FEA5C2279D3142A25
:109ED00000F2C58002F15C031BB25B32DB00F918B3
:109EE000FB58083999420AD19FE000BFD0000020FA
:109EF000D8000020DC0E00209B68994204D05A68EC
:109F000022F003026245F7D8D968C4E902318C60B7
:109F1000DC60DCE6BEF1140F60D9BEF1540F00F234
:109F2000A8804FEA153E0EF16F0003B20EF16E0EDF
:109F3000DB0086E6D4F808C03046661945F0010516
:109F40006560CCF80C30C3F808C042F00103C7E9E3
:109F50000466C6E902887360625000F06FFC083442
:109F6000E8E6214430464A6842F001024A6054F86B
:109F7000082FD3609A6000F061FCDBE6A444304611
:109F8000DCF8043043F00103CCF8043000F056FC58
:109F90000834CFE6E808431C1BB2DB0018E6621960
:109FA00043F0010145F0010565603046C7E9042230
:109FB000C2E90288516044F80C3000F03FFC0834DC
:109FC000B8E64FEA9C1202F139031BB23832DB00CB
:109FD00085E7BC4259D0BC68606848E70EF15C0078
:109FE00003B20EF15B0EDB002BE65AF8083953453D
:109FF00040F0A38010F0030F00F1FF30F5D17B6833
:10A0000023EA0C037B604FEA4C0C9C453FF69CAE68
:10A01000BCF1000F04D197E64FEA4C0C09F104099A
:10A020001CEA030FF8D0484664E692104FF0010C8A
:10A030000CFA02F24EEA020EC7F804E065E70AEBFA
:10A04000080101EA0C01521A02EA0C0130460191A2
:10A0500000F076F8431C7FF4D5AE0099D7E6542A79
:10A060002ED84FEA1C3202F16F031BB26E32DB00B6
:10A0700035E7BEF5AA7F2ED84FEAD53E0EF178001F
:10A0800003B20EF1770EDB00DBE5DBF80410414490
:10A09000CBF8041002F1FF3C92E610EA0C0F7FF4BB
:10A0A0008FAED7F808A0C84448F00100CAF80400F1
:10A0B000D0E6C7F808A48FE60123CAF80430DEE62C
:10A0C000B2F5AA7F24D84FEADC3202F178031BB242
:10A0D0007732DB0003E740F254539E4523D8AB0CA4
:10A0E00003F17D0003F17C0EC300AAE5009BA3F100
:10A0F00008029044A8EB0A08002188E604F1080150
:10A10000304600F08BF8DBF80410D7F808A09FE683
:10A1100040F254539A420CD84FEA9C4202F17D031C
:10A12000DB007C32DBE64FF47E737F204FF07E0E47
:10A1300087E54FF47E737E22D1E67B6863E700BF3C
:10A1400038B5074D0022044608462A60F6F79CF809
:10A15000431C00D038BD2B68002BFBD0236038BDDA
:10A16000100F00202DE9F84306460820894600F02C
:10A1700077FDDFF8A4800546304600F05DFBD8F897
:10A1800008305F6827F00307A7F11104A4EB090466
:10A190002C44B4FBF5F4013C05FB04F4A54208DCB7
:10A1A00000213046FFF7CCFFD8F808303B449842F6
:10A1B00005D0304600F042FB0020BDE8F883614244
:10A1C0003046FFF7BDFF01300FD0114AD8F80830F4
:10A1D0003F1B47F001075F60136830461B1B13608D
:10A1E00000F02CFB0120BDE8F88300213046FFF78A
:10A1F000A7FFD8F80820831A0F2BDADD43F00103FC
:10A200005360044B02491B68C01A0860D1E700BFC5
:10A21000E00E0020D8040020D000002000295BD0F0
:10A22000F8B50C46074600F007FB54F804CC744D13
:10A23000A4F108022CF00103D118A8684E688842E6
:10A2400026F003060CF0010E7ED088194E6040689F
:10A2500000F00100BEF1000F2FD154F8084C121B82
:10A260002344946805F1080C644562D0D2F80CE0F0
:10A27000C4F80CE0CEF8084000287FD043F001007D
:10A2800050600B60B3F5007F2FD2D90868685C0975
:10A290000131012309B2A34003436B6055F831003B
:10A2A000906005EBC103083BD36045F83120C260E4
:10A2B0003846BDE8F84000F0C1BA70B9334405F142
:10A2C000080C8868604543F0010471D0C968C1601A
:10A2D00088605460D350D5E770474CF00101B3F566
:10A2E000007F44F8041CD350CFD3B3F5206F4FEA5E
:10A2F000532045D2980900F1390109B200F1380420
:10A30000C900681869580838884203D157E089683D
:10A31000884204D04C6824F003049C42F7D8C868F3
:10A32000C2E9021082603846CA60BDE8F84000F019
:10A3300085BA88BB1E44D1E90213CB60996046F010
:10A34000010353609651B3E71E44BEF1000F07D1DD
:10A3500054F8083CD21A1E44D2E90213CB6099602B
:10A3600046F001035360274BAA601B68B3429FD895
:10A37000254B38461968FFF7F5FE99E73344A0E707
:10A3800014280ED9542821D8180B00F16F0109B2F6
:10A3900000F16E04C900B4E743F0010050600B60A7
:10A3A00086E700F15C0109B200F15B04C900A8E78F
:10A3B000C5E90422C2E902CC5460D35078E76E6844
:10A3C000A4100123A34033436B60A9E7B0F5AA7F33
:10A3D00007D8D80B00F1780109B200F17704C90061
:10A3E0008FE740F25451884206D8980C00F17D0165
:10A3F00000F17C04C90084E74FF47E717E2480E77D
:10A40000D0000020DC040020DC0E002038B5074D11
:10A41000074C2C1BA41005D0013C55F8043D98476F
:10A42000002CF9D1BDE8384001F0BCBA200600206C
:10A430001C060020024B01461868FFF7B9BB00BF9D
:10A44000E0040020024B01461868FFF7E7BE00BF9A
:10A45000E0040020830730B546D08418844604E029
:10A4600003F8011B9D0704D09C46A4456346F7D121
:10A4700030BD013A0244A2EB0C02032A29D9CCB226
:10A4800004EB04240F2A04EB04442FD9A2F1100C8E
:10A490002CF00F0C03F11005AC44C3E90044C3E9F0
:10A4A000024410336345F8D112F00C0F02F00F0E86
:10A4B00018D02EF0030C9C44AEF104051A4642F865
:10A4C000044B6245FBD125F0030404330EF0030274
:10A4D0002344002ACCD0C9B21A4403F8011B93428A
:10A4E000FBD130BD7246F4E70346C6E79646E0E787
:10A4F0002DE9F84F1646002900F098800C4680465A
:10A5000006F10B0500F098F954F8041C162DA4F17F
:10A51000080921F0030758D81025AE4258D8AF4299
:10A5200062DABF4B9A6809EB070C6245DCF804005D
:10A5300000F0928020F0010363445B68DB076AD47B
:10A5400020F003003B189D4249DDCB0712D454F89C
:10A55000083CA9EB030BDBF8043023F003021044A2
:10A5600000EB070A554540F3F88007EB020A554512
:10A5700040F3CE8031464046FFF71AFB06460028DE
:10A5800000F0228154F8043C23F001034B44A0F175
:10A590000802934200F0B6803A1F242A00F2D980C4
:10A5A000132A00F2A48003462246116819605168FC
:10A5B000596092689A6021464046FFF72FFE404658
:10A5C00000F03CF93046BDE8F88F35F00705A4D51A
:10A5D0000C23C8F8003000263046BDE8F88F1F462F
:10A5E000DCE90223D3609A60D9F804307A1B0F2A81
:10A5F00003F0010309EB07001DD83B43C9F8043001
:10A60000436843F001034360404600F017F92646D3
:10A610003046BDE8F88FC907ACD454F8083CA9EB24
:10A62000030BDBF8043023F003029EE7BDE8F84F8C
:10A630001146FFF7BDBA09EB05012B4342F00102B9
:10A64000C9F804304A60436843F0010343600831AD
:10A650004046FFF7E3FDD7E720F00300C21905F1FC
:10A66000100C624580F29180CA0783D454F8082CFC
:10A67000A9EB020BDBF8042022F00302104400EBEC
:10A68000070AD4453FF771AF5E46DBF80C1056F869
:10A69000080F3A1F242AC160886000F2AE80132A96
:10A6A00040F2A9802168CBF808106168CBF80C1043
:10A6B0001B2A00F2A88008340BF1100221681160F7
:10A6C00061685160A16891600BEB0501AAEB05027E
:10A6D00042F0010299604A60DBF8043003F00103A4
:10A6E0002B434046CBF8043000F0A8F890E72368ED
:10A6F0000360636843601B2A3CD804F1080200F140
:10A70000080352E750F8043C23F003031F446BE7AF
:10A710003A1F5E46DBF80C3056F8081F242ACB603F
:10A72000996022D8132A1ED92368CBF808306368B1
:10A73000CBF80C301B2A3BD808340BF110032268ED
:10A740001A6062685A60A2689A6034465746D946D1
:10A750004AE7214600F0ECF92DE7DCE902133A1F45
:10A76000CB609960D5E73346E9E72146304600F0F3
:10A77000DFF9EAE7A3688360E368C360242A27D08F
:10A7800004F1100200F110030FE709EB05019960D5
:10A79000531B43F001034B6054F8043C03F00103E6
:10A7A0002B43404644F8043C00F048F826462FE787
:10A7B000A368CBF81030E368CBF81430242A10D00B
:10A7C00010340BF11803BAE7404600F037F802E7FF
:10A7D000236903616169416104F1180200F1180302
:10A7E000E3E62369CBF818306369CBF81C301834E2
:10A7F0000BF12003A3E7324660E72146304600F024
:10A8000097F9074B60E7A168CBF81010E168CBF827
:10A810001410242A06D010340BF118024EE700BFA2
:10A82000D00000202269CBF818206269CBF81C20E8
:10A8300018340BF1200241E7704700BF704700BF9A
:10A84000002301461A46184600F0F6BC9368002B18
:10A8500000F0B6802DE9F04FB1F90CC01CF0080FE4
:10A8600083B0174680460C4627D00B692BB31CF0EB
:10A8700002033D682DD04FF0000ADFF8B0B2564613
:10A88000B9465E453346524628BF5B464046002ED9
:10A8900000F08580E169676AB847002840F3888046
:10A8A000D9F808301B1A8244361AC9F80830002B30
:10A8B000E7D1002003B0BDE8F08F2146404600F00C
:10A8C00085FD002879D1B4F90CC03D681CF0020365
:10A8D000D1D11CF0010975D14E460097002E5AD0F7
:10A8E0001CF4007F2068D4F808B000F0B180B345B4
:10A8F0005A4600F2DF801CF4906F32D023696269FF
:10A90000A0EB030A02EB420202EBD2720AF1010150
:10A9100052103144914292BF93468B460A461CF432
:10A92000806F00F0E58011464046FFF741F90028AE
:10A9300000F0F580524621690190FEF7F1FFA289EF
:10A94000019B22F4906242F08002A28103EB0A0094
:10A950002361ABEB0A03C4F814B0A3602060B346D4
:10A9600032464946019200F0E3F8A368019AA3EB4E
:10A970000B012368A1601344B24623600026009AAD
:10A980009368A3EB0A03D1449360002B91D0B4F9F0
:10A990000CC0002EA4D1D5E9009608359EE7D5E974
:10A9A00000A608356DE72146404600F00BFC70B369
:10A9B000B4F90C3043F04003A3814FF0FF3079E746
:10A9C000002070471E46BA469946184600951F4615
:10A9D0005EB3002831D04A46D4E904132068B2425D
:10A9E00028BF3246884204D9A16803EB010B5A45BF
:10A9F00070DC934261DCE169656A3A464046A847EB
:10AA0000B0F1000BD4DDB9EB0B09CCD00120DAF8A2
:10AA10000830A3EB0B035F44A6EB0B06CAF8083023
:10AA2000002B3FF446AF002ED3D1009A5668134650
:10AA300008320092002EF8D01F6832460A213846AC
:10AA400000F0D6FA002867D00130A0EB0709C2E772
:10AA50002369834216D36269B24213D86FF0004370
:10AA6000B34228BF3346E16993FBF2F3676A02FB06
:10AA700003F340464A46B847B0F1000A98DDA6EB1A
:10AA80000A067CE7B345DA4628BFB2465246494635
:10AA900000F04EF8A3682268A3EB0A035244A360B7
:10AAA0002260002BEBD12146404600F08BFB0028B2
:10AAB000E5D07DE7B346324653E73946019200F0D0
:10AAC00037F8019AA3689B1AA36023681344236094
:10AAD000934698E739465A4600F02AF823685B44C3
:10AAE00023602146404600F06DFB00288BD05FE7D5
:10AAF00019464046FFF7FCFC034600287FF426AFCA
:10AB000021694046FFF78AFBB4F90C300C22C8F8E3
:10AB1000002023F080034DE7721C91465CE70C2275
:10AB2000B4F90C30C8F8002044E700BF00FCFF7FF8
:10AB30008842F0B514D98B18834211D9032A00EB4F
:10AB4000020166D802F1FF3C4AB16FEA0C0C0A46DA
:10AB50009C4413F8011D02F8011D6345F9D1F0BDB5
:10AB6000032A0FD8034602F1FF3C002AF7D00CF16C
:10AB7000010C013B8C4411F8012B03F8012F6145B6
:10AB8000F9D1F0BD41EA00039B073ED10F2A64D9F9
:10AB9000A2F1100301F1100423F00F032031A446A9
:10ABA000194400F1100E5CF8105C4EF8105C5CF873
:10ABB0000C5C4EF80C5C5CF8085C4EF8085C5CF8C9
:10ABC000045C4EF8045C0CF1100C8C450EF1100E78
:10ABD000E9D1E11812F00C0F034402F00F0E03F15B
:10ABE000100338D02EF00305043D1A1F5E198C4661
:10ABF0005CF8044B42F8044FB242F9D104310433FB
:10AC000029442B440EF00302ADE702F1FF3C03465A
:10AC1000ADE741EA0304A4071F4602D002F1FF3C5E
:10AC200093E7A2F1040E2EF003068E1B4FEA9E0E50
:10AC30008C46644653F8045D4CF8045DB442F8D188
:10AC4000CEEB8E7301EB830107EB83073B1F0439C7
:10AC500002F0030276E7724685E703469646C1E7AF
:10AC6000082802D14FF48050704708B5FEF71AFF4C
:10AC7000162303604FF0FF3008BD00BF002070476F
:10AC8000024A0349034800F00BB900BF0806002040
:10AC90005DB50010E80400200C4B4168994210B5E6
:10ACA000044601D000F05AFCA168094B994202D039
:10ACB000204600F053FCE168064B994204D0204640
:10ACC000BDE8104000F04ABC10BD00BF140F0020CA
:10ACD0007C0F0020E40F0020002070472DE9F8438E
:10ACE0002A4C2B49DFF8BC90DFF8BC80294FC4F810
:10ACF0003811002504230822294604F15C00264E61
:10AD0000E360C4E90055C4E90455A5606566A56122
:10AD1000FFF7A0FB214B63670822294604F1C4001A
:10AD2000C4E90749C4E90987C4E91A55C4E91E55AD
:10AD30002567C4F8CC50C4F88050E662FFF78AFB60
:10AD4000174BC4F8DC30294604F16803082204F5E7
:10AD50009670C4F88430C4E92298C4E92476C4E922
:10AD60003455C4E93855C4F8D850C4F83451C4F83F
:10AD7000E850FFF76FFB04F1D003C4E93C98C4E945
:10AD80003E76C4F8EC30BDE8F88300BF140F002015
:10AD900081AC001031B5001055B50010090001005C
:10ADA00012000200C9B40010F1B40010F8B5254B30
:10ADB000D3F838310646002B3CD0234FD7E9013475
:10ADC000013B04D51DE05A1C04F1680419D0B4F904
:10ADD0000C50013B002DF6D11C4BE360C4E901553A
:10ADE000C4E9045565662560A5610822294604F179
:10ADF0005C00FFF72FFBC4E90C55C4E91155204650
:10AE0000F8BD3D680DB12F46D8E74FF4D6713046F6
:10AE1000FEF7CEFE044680B10423C0E900530C3097
:10AE20002946A0604FF4D0722546FFF713FB3C6023
:10AE30002F46C3E7FFF752FFBFE70C2338603360AC
:10AE4000DDE700BF140F0020080600200100FFFF0F
:10AE5000436B03B17047044B044AD3F83831426363
:10AE6000002BF7D13AE700BF140F002099AC001077
:10AE7000704700BF704700BF024A0349002000F03E
:10AE80000FB800BF080600207DAC0010024A03493D
:10AE9000002000F005B800BF08060020D9AC001063
:10AEA0002DE9F8430746884616464FF00009D6E9D3
:10AEB0000154013D10D4A389012B08D9B4F90E30F7
:10AEC00001332146384602D0C04749EA0009013D16
:10AED0006B1C04F16804EED13668002EE7D14846B9
:10AEE000BDE8F88300000000000000000000000042
:10AEF0000000000000000000000000000000000052
:10AF000030B490F800F020F007016FF0000C10F062
:10AF1000070491F820F040F048804FF000046FF0F3
:10AF20000700D1E9002391F840F000F1080082FA0F
:10AF30004CF2A4FA8CF283FA4CF3A2FA8CF34BBBDA
:10AF4000D1E9022382FA4CF200F10800A4FA8CF253
:10AF500083FA4CF3A2FA8CF3E3B9D1E9042382FA21
:10AF60004CF200F10800A4FA8CF283FA4CF3A2FA36
:10AF70008CF37BB9D1E9062301F1200182FA4CF26E
:10AF800000F10800A4FA8CF283FA4CF3A2FA8CF3D5
:10AF9000002BC6D0002A04BF04301A4612BAB2FAF7
:10AFA00082F200EBD20030BC7047D1E9002304F0FC
:10AFB0000305C4F100004FEAC50514F0040F91F831
:10AFC00040F00CFA05F562EA05021CBF63EA0503CE
:10AFD00062464FF00004AAE7024B13B10248FFF7A4
:10AFE0002FBC7047000000000DA4001000000000FE
:10AFF00001F0FF01102A2BDB10F0070F08D010F82A
:10B00000013B013A8B422DD010F0070F42B3F6D12D
:10B01000F0B441EA012141EA014122F007047FF046
:10B0200000070023F0E80256083C85EA010586EA9D
:10B03000010685FA47F5A3FA87F586FA47F6A5FAD9
:10B0400087F68EB9EED1F0BC01F0FF0102F00702E5
:10B0500032B110F8013B013A83EA010313B1F8D190
:10B060000020704701387047002D06BF3546033871
:10B07000073815F0010F07D1013015F4807F02BFAA
:10B08000013015F4C03F0130F0BC0138704700BFFB
:10B09000B1F90C202DE9F04115070C4680464ED43D
:10B0A000496842F400630029A38163DDA66A002E8B
:10B0B00042D0002112F48052D8F80050C8F8001095
:10B0C00065D1E16901234046B0470246501C6CD06F
:10B0D000B4F90C30A66A590705D56368D21A236BF8
:10B0E0000BB1E36BD21A0023E1694046B047421C22
:10B0F000B4F90C304DD1D8F800101D2940D8304A91
:10B10000CA40D7073CD52269226023F40062A2819D
:10B11000DE044FF00002626001D5002943D0216BAC
:10B12000C8F8005041B104F14003994202D04046B2
:10B13000FFF774F8002323630020BDE8F0810E6957
:10B14000002EF9D00D680E6092070CBF4B690023EA
:10B15000AD1B8B600BE02B463246E169676A4046C7
:10B16000B847B0F1000CA5EB0C05664406DD002DD8
:10B17000F1DCE1E7E16B002998DCDDE7B4F90C30A4
:10B1800043F04003A3814FF0FF30BDE8F081226D12
:10B19000A1E72269226023F40062A281DB044FF060
:10B1A00000026260BBD52065B9E7D8F80030002BFB
:10B1B0008ED01D2B01D0162BE0D1C8F80050BBE774
:10B1C0000100402010B5044682B008B1436B53B172
:10B1D000B1F90C0008B902B010BD204602B0BDE8BC
:10B1E0001040FFF755BF0191FFF732FE0199EFE7DD
:10B1F000A0B138B50C4B1D6804460DB16B6B4BB15B
:10B20000B4F90C0000B938BD21462846BDE83840E5
:10B21000FFF73EBF2846FFF71BFEF1E7034A04494C
:10B220000448FFF73DBE00BFE004002008060020F0
:10B23000C5B10010E804002070B4164D2C681CB392
:10B2400065681F2D23DC38B9AB1C0135656044F8F7
:10B250002310002070BC704704EB850C0228CCF84A
:10B260008820D4F888614FF0010202FA05F246EA1C
:10B270000206C4F88861CCF80831E5D1D4F88C31E5
:10B280001343C4F88C31DFE7034C2C60D8E74FF050
:10B29000FF30DFE7501000205410002070B5B1F9E6
:10B2A0000C300C46990796B007D504F143030122F0
:10B2B000C4E90432236016B070BDB4F90E10002941
:10B2C00005462BDB6A4600F0D7F9002824DB4FF453
:10B2D00080612846019EFEF76BFCB4F90C30A0B3E8
:10B2E00006F4704643F080034FF48062B6F5005FC9
:10B2F000A38120602061626135D1B4F90E10284627
:10B3000000F0D0F9B4F90C3068B323F0030343F034
:10B3100001034FF4006214E0B4F90C3013F0800F15
:10B320000CBF4FF48066402631462846FEF740FCAD
:10B33000B4F90C3048B1C4E9040643F0800320603E
:10B3400000221343A38116B070BD9A05B3D423F035
:10B35000030304F1430243F002030121C4E9042181
:10B36000A3812260A7E74FF40062EAE770B50C46BC
:10B37000B1F90E10002996B015461E4614DB6A4638
:10B3800000F07AF900280FDB019901F47041A1F572
:10B390000051B1FA81F14FF4806349094FF4006024
:10B3A00031602B6016B070BDA18911F0800106D00C
:10B3B00000214023084631602B6016B070BD4FF469
:10B3C0008063084631602B6016B070BD38B53D4BC8
:10B3D0001B6805460C4613B15A6B002A5AD0B4F9C3
:10B3E0000C3019070BD522699AB113F0010221D153
:10B3F0009B075ABF6369A360A260002038BDDA06CC
:10B4000058D558071CD4226943F00803A381002AA9
:10B41000EBD1990528D5180603F0800124D4D8076C
:10B4200041D49D073CD5A2600029E6D043F04003FB
:10B43000A38144E0636900225B42A260A361DCE770
:10B44000216B51B104F14002914204D02846FEF72D
:10B45000E5FEB4F90C300022226322690021C4E920
:10B46000002123F02403CFE721462846FFF716FFEB
:10B47000B4F90C30226913F001010FD0616900208A
:10B480004942A060A161002AB7D103F080010029E0
:10B49000B3D0CBE71846FFF7DBFCA0E7980700D452
:10B4A0006169A160EFE76069A2604042A061002984
:10B4B000A3D0BBE7092243F040032A60A3814FF0E9
:10B4C000FF3038BDE004002010B50C46B1F90E1075
:10B4D00000F094F8002803DB236D0344236510BDBE
:10B4E000A38923F48053A38110BD00BF00207047BF
:10B4F0002DE9F0410C46B1F90C101F46CB0505466D
:10B5000016460BD421F48051A1813B46B4F90E10AC
:10B5100032462846BDE8F04100F086B8B4F90E1076
:10B520000223002200F0D0F8B4F90C10EAE700BFC3
:10B5300010B50C46B1F90E1000F0C6F8B4F90C3095
:10B54000421C0EBF23F4805343F480532065A38133
:10B5500010BD00BFB1F90E1000F07CB870B5002925
:10B5600035D006460C4610B1436B002B3AD0FFF79E
:10B570007FFCB4F90C3043B321463046FFF788FD19
:10B58000E36A054633B1E169304698470028B8BF01
:10B590004FF0FF35A3891B061CD4216B41B104F188
:10B5A0004003994202D03046FEF738FE0023236361
:10B5B000616C21B13046FEF731FE00236364002345
:10B5C000A381FFF757FC284670BDFFF753FC002509
:10B5D000284670BD21693046FEF720FE216B002908
:10B5E000DDD1E5E7FFF734FCC1E700BF024B0146C0
:10B5F0001868FFF7B3BF00BFE004002038B50D4660
:10B60000084C8446114628461A46002323606546A6
:10B61000FDF732F9431C00D038BD2368002BFBD066
:10B620002B6038BD100F002038B50D46084C8446FD
:10B63000114628461A46002323606546FDF748F95F
:10B64000431C00D038BD2368002BFBD02B6038BDD5
:10B65000100F002038B5074D0022044608462A6026
:10B66000FDF7B0F8431C00D038BD2B68002BFBD091
:10B67000236038BD100F002070B50C46084D0346FE
:10B680000026204611461C462E60FDF7D9F8431CC3
:10B6900000D070BD2B68002BFBD0236070BD00BFB5
:10B6A000100F002038B5074D0022044608462A60D6
:10B6B000FDF79FF8431C00D038BD2B68002BFBD052
:10B6C000236038BD100F002038B50D46084C844665
:10B6D000114628461A46002323606546FDF79FF869
:10B6E000431C00D038BD2368002BFBD02B6038BD35
:10B6F000100F0020008000400000800000000000CB
:10B7000000A00040001800000203000000A000405C
:10B71000000600000203000000A000400006000038
:10B720000003000000A000400040010002030000F0
:10B7300000A0004000A000000203000000A00040A4
:10B7400000A0000000030000009000400006000080
:10B75000020300000090004080010000020300008E
:10B760000090004080010000000300000004084039
:10B770000300000003030000000408400C00000068
:10B7800003030000000408400C0000000003000058
:10B7900000A00040000000380300000000800040CE
:10B7A000000040000200000000A000400000000473
:10B7B0000300000000900040000000340200000080
:10B7C0000090004000008000020000000090004057
:10B7D0000000000202000000009000400000000194
:10B7E0000200000000A000401C0000000200000059
:10B7F00000A00040200000000200000000A0004067
:10B80000020000000200000000A000400100000053
:10B810000200000000800040000031000200000033
:10B82000008000400000080002000000008000408E
:10B8300000200000020000000080004000400000E6
:10B8400002000000009000400E0000000200000016
:10B850000090004001000000020000000090004045
:10B8600040000000020000000090004000080000BE
:10B8700002000000000000000001000000000000C5
:10B8800000000000000000000001000000000000B7
:10B89000000000000000000000C2010000000000E5
:10B8A00078B9001088B800100400000040420F0072
:10B8B000000000005CB90010000000000000000063
:10B8C00074B800100000000000000000EDEDE90079
:10B8D000596600104967001021690010FF690010C7
:10B8E000196A0010E1690010336A00105D6A0010E7
:10B8F000876A001000000000C5660010000000000C
:10B90000000000005741524E494E473A2063735F92
:10B9100064656C61795F66697273742076616C75B9
:10B920006520697320746F6F206869676800000084
:10B930005741524E494E473A2063735F64656C61CC
:10B94000795F6C6173742076616C75652069732012
:10B95000746F6F20686967680000000089720010CA
:10B96000117D001031790010D97800100379001092
:10B9700095730010000000000D820010057E00107D
:10B98000D97E0010D17F0010D5800010C185001035
:10B99000AD8700100A000000F8B500BFF8BC08BC75
:10B9A0009E467047F8B500BFF8BC08BC9E4670477D
:04B9B0000000000093
:08B9B40070DCFF7F01000000C0
:10B9BC0008100000FFFFFFFF000000000000000067
:10B9CC00FFFFFFFFFFFFFFFF000000000000000073
:10B9DC000000000000000000FFFFFFFFFFFFFFFF63
:10B9EC00000000000000000000000000000000004B
:10B9FC00FFFFFFFFFFFFFFFF000000000000000043
:10BA0C000000000000000000FFFFFFFFFFFFFFFF32
:10BA1C00000000000000000000000000000000001A
:10BA2C000100000000000000020000000000000007
:10BA3C0003000000000000000400000000000000F3
:10BA4C0000000000000000000600000000000000E4
:10BA5C0000000000000000000000000000000000DA
:10BA6C0009000000000000000000000000000000C1
:10BA7C000B000000000000000C00000000000000A3
:10BA8C000000000000000000D0000020D0000020CA
:10BA9C00D8000020D8000020E0000020E0000020AA
:10BAAC00E8000020E8000020F0000020F00000205A
:10BABC00F8000020F8000020000100200001002008
:10BACC0008010020080100201001002010010020B6
:10BADC001801002018010020200100202001002066
:10BAEC002801002028010020300100203001002016
:10BAFC0038010020380100204001002040010020C6
:10BB0C004801002048010020500100205001002075
:10BB1C005801002058010020600100206001002025
:10BB2C0068010020680100207001002070010020D5
:10BB3C007801002078010020800100208001002085
:10BB4C008801002088010020900100209001002035
:10BB5C009801002098010020A0010020A0010020E5
:10BB6C00A8010020A8010020B0010020B001002095
:10BB7C00B8010020B8010020C0010020C001002045
:10BB8C00C8010020C8010020D0010020D0010020F5
:10BB9C00D8010020D8010020E0010020E0010020A5
:10BBAC00E8010020E8010020F0010020F001002055
:10BBBC00F8010020F8010020000200200002002003
:10BBCC0008020020080200201002002010020020B1
:10BBDC001802002018020020200200202002002061
:10BBEC002802002028020020300200203002002011
:10BBFC0038020020380200204002002040020020C1
:10BC0C004802002048020020500200205002002070
:10BC1C005802002058020020600200206002002020
:10BC2C0068020020680200207002002070020020D0
:10BC3C007802002078020020800200208002002080
:10BC4C008802002088020020900200209002002030
:10BC5C009802002098020020A0020020A0020020E0
:10BC6C00A8020020A8020020B0020020B002002090
:10BC7C00B8020020B8020020C0020020C002002040
:10BC8C00C8020020C8020020D0020020D0020020F0
:10BC9C00D8020020D8020020E0020020E0020020A0
:10BCAC00E8020020E8020020F0020020F002002050
:10BCBC00F8020020F80200200003002000030020FE
:10BCCC0008030020080300201003002010030020AC
:10BCDC00180300201803002020030020200300205C
:10BCEC00280300202803002030030020300300200C
:10BCFC0038030020380300204003002040030020BC
:10BD0C00480300204803002050030020500300206B
:10BD1C00580300205803002060030020600300201B
:10BD2C0068030020680300207003002070030020CB
:10BD3C00780300207803002080030020800300207B
:10BD4C00880300208803002090030020900300202B
:10BD5C009803002098030020A0030020A0030020DB
:10BD6C00A8030020A8030020B0030020B00300208B
:10BD7C00B8030020B8030020C0030020C00300203B
:10BD8C00C8030020C8030020D0030020D0030020EB
:10BD9C00D8030020D8030020E0030020E00300209B
:10BDAC00E8030020E8030020F0030020F00300204B
:10BDBC00F8030020F80300200004002000040020F9
:10BDCC0008040020080400201004002010040020A7
:10BDDC001804002018040020200400202004002057
:10BDEC002804002028040020300400203004002007
:10BDFC0038040020380400204004002040040020B7
:10BE0C004804002048040020500400205004002066
:10BE1C005804002058040020600400206004002016
:10BE2C0068040020680400207004002070040020C6
:10BE3C007804002078040020800400208004002076
:10BE4C008804002088040020900400209004002026
:10BE5C009804002098040020A0040020A0040020D6
:10BE6C00A8040020A8040020B0040020B004002086
:10BE7C00B8040020B8040020C0040020C004002036
:10BE8C00C8040020C8040020FFFFFFFF00000200D0
:10BE9C00E80400200000000000000000140F002047
:10BEAC007C0F0020E40F00200000000000000000C8
:10BEBC000000000000000000000000000000000076
:10BECC000000000000000000000000000000000066
:10BEDC000000000000000000000000000000000056
:10BEEC000000000000000000000000000000000046
:10BEFC000000000000000000000000000000000036
:10BF0C000000000000000000000000000000000025
:10BF1C000000000000000000000000000000000015
:10BF2C000000000000000000000000000000000005
:10BF3C0001000000000000000E33CDAB34126DE6A2
:10BF4C00ECDE05000B00000000000000000000000B
:10BF5C0000000000000000000000000000000000D5
:10BF6C0000000000000000000000000000000000C5
:10BF7C0000000000000000000000000000000000B5
:10BF8C0000000000000000000000000000000000A5
:10BF9C000000000000000000000000000000000095
:10BFAC000000000000000000000000000000000085
:10BFBC000000000000000000000000000300000072
:10BFCC00140F0020D9AF00106902001041020010BC
:040000051000949DB6
:00000001FF
