:020000041000EA
:1000000000001020A56D0010E16D0010E36D0010E0
:10001000E56D0010E76D0010E96D001000000000B4
:10002000000000000000000000000000EB6D001068
:10003000ED6D001000000000EF6D0010A5490010EC
:10004000F56D0010F76D001059500010FD4F0010B5
:10005000FD6D0010154E0010294E00103D4E001091
:10006000056E0010076E0010096E00100B6E001078
:100070000D6E0010394A0010C54D0010D94D00100A
:10008000156E0010176E0010196E00101B6E001018
:100090001D6E00101F6E0010216E0010236E0010E8
:1000A000FF4900100D4A00101B4A00102B6E001073
:1000B0001D4F00102B4F0010394F0010474F0010FC
:1000C000356E0010376E0010ED4D00103B6E0010C5
:1000D0004D4A00103F6E0010416E0010436E00103C
:1000E000456E0010476E0010496E00104B6E0010F8
:1000F0004D6E00104F6E0010516E0010536E0010C8
:10010000556E0010576E0010596E00105B6E001097
:100110005D6E00105F6E0010616E0010636E001067
:10012000656E0010676E0010294A00106B6E00109B
:100130006D6E00106F6E0010614A0010736E00103B
:10014000756E0010776E0010796E00107B6E0010D7
:10015000554F0010634F0010714F00107F4F00107B
:100160008D4F00109B4F0010A94F0010B74F00108B
:10017000C54F0010D34F0010E14F0010EF4F00109B
:10018000956E0010976E0010996E00109B6E001017
:100190009D6E00109F6E0010A16E0010A36E0010E7
:1001A000014E0010A76E0010A96E0010AB6E00107B
:1001B000AD6E0010AF6E0010B16E0010B36E001087
:1001C000B56E0010B76E0010B96E0010BB6E001057
:1001D000BD6E0010BF6E0010C16E0010C36E001027
:1001E000C56E0010C76E0010C96E0010CB6E0010F7
:1001F000CD6E0010CF6E0010D16E0010D36E0010C7
:100200000348044B834202D0034B03B118477047A5
:10021000C0050020C0050020000000000548064B76
:100220001B1AD90F01EBA301491002D0034B03B1F4
:1002300018477047C0050020C005002000000000DE
:1002400010B5064C237843B9FFF7DAFF044B13B11E
:100250000448AFF300800123237010BDC0050020C7
:1002600000000000B091001008B5044B1BB1044918
:100270000448AFF30080BDE80840CFE7000000006D
:10028000C4050020B091001080B584B000AF786044
:10029000124B1B68002B02D1104B114A1A600F4BF6
:1002A0001B68FB600D4B1A687B6813441A460D4BA4
:1002B0009A4207D907F07AF803460C221A604FF0E9
:1002C000FF3306E0054B1A687B681344034A13604A
:1002D000FB6818461037BD4680BD00BFDC05002016
:1002E0005011002000F00F2080B485B000AF4FF017
:1002F00080439B6803F46063BB60BB68B3F5606FC9
:100300002BD0BB68B3F5606F3FD8BB68B3F5406FC7
:1003100034D0BB68B3F5406F37D8BB68B3F5206FF6
:1003200025D0BB68B3F5206F2FD8BB68B3F5006F3D
:100330001AD0BB68B3F5006F27D8BB68B3F5C06FA0
:100340000ED0BB68B3F5C06F1FD8BB68002B12D0AE
:10035000BB68B3F5806F15D017E0174BFB6017E053
:100360004FF4FA53FB6013E0144BFB6010E04FF4C2
:10037000E103FB600CE0124BFB6009E04FF400432B
:10038000FB6005E00F4BFB6002E00C4BFB6000BF25
:100390004FF080439B689B0903F007037B60FA687A
:1003A0007B6822FA03F3084A136000BF1437BD4686
:1003B0005DF8047B704700BF0080BB00000E27077C
:1003C000008793030048E801E005002080B400AFF7
:1003D00000231846BD465DF8047B704780B400AF2B
:1003E00000BFBD465DF8047B704780B400AF0023BA
:1003F0001846BD465DF8047B704780B400AF00BF6F
:10040000BD465DF8047B704780B500AF00BF00BFFC
:10041000194B1A4A9A601A4B01221A60194B402252
:100420001A60174B00221A60174801F07FF916482E
:1004300001F087F9144801F079F90F4BD3F88830AF
:100440000D4A43F47003C2F88830BFF34F8F00BFEA
:10045000BFF36F8F00BF042002F082FBFFF744FF61
:10046000FFF7CBFFFFF7BAFFFFF7BFFF04F064FB16
:1004700062B600BF00BF80BD00ED00E000000010CC
:10048000000C00400C04004000A0024080B582B087
:1004900000AF78607B68002B43DB7B680F2B40DC70
:1004A00023497A6813469B0013449B000B441B6846
:1004B000002B36D001211F4802F008FA0346002B1A
:1004C00002D06FF005032EE019497A6813469B00AD
:1004D00013449B000B4400221A6015497A681346A6
:1004E0009B0013449B000B440C331B6800221A60D2
:1004F0000F497A6813469B0013449B000B440C334E
:1005000019680B487A6813469B0013449B00034408
:100510000C331B684A685A60064802F0FEF9002353
:1005200001E06FF0020318460837BD4680BD00BFEA
:10053000E40500202407002080B485B000AF786077
:10054000134B1B78002B1CD10023FB6013E000230E
:10055000BB600AE00F49FB685A01BB6813440022E4
:1005600041F82320BB680133BB60BB681F2BF1DD62
:10057000FB680133FB60FB68042BE8DD044B0122C0
:100580001A70002318461437BD465DF8047B704787
:10059000280C00202807002080B586B000AF7860C6
:1005A0007B68002B15D07B68012B10D07B68022B59
:1005B0000BD07B68032B06D07B68042B01D1214B29
:1005C00008E0002306E0204B04E0204B02E0204B33
:1005D00000E0204BFB60F86800F0AAFA78617969C6
:1005E000F86800F08BFA00233B6123E07B6903F09D
:1005F0000103002B18D018497B685A013B6913444A
:1006000051F82330002B0FD013497B685A013B6906
:10061000134451F8233011487A6851013A690A4469
:1006200050F82220104698473B6901333B617B69B3
:100630005B087B617B69002BD8D100BF00BF1837F6
:10064000BD4680BD00C000400004084000A000403E
:10065000009000400080004028070020A8090020EA
:1006600080B400AF034B1B781846BD465DF8047B91
:10067000704700BF290C002080B582B000AF7860C1
:100680007B6803F00103002B02D0002002F094F9F4
:100690007B6803F00203002B02D0012002F08CF9EA
:1006A0007B6803F00403002B02D0022002F084F9DF
:1006B0007B6803F00803002B02D0402002F07CF995
:1006C0007868FFF739FF034618460837BD4680BDF6
:1006D00080B586B000AF78607B681B683B617B6843
:1006E0001B68964A93421ED07B681B68944A9342CB
:1006F00017D07B681B68934A934210D07B681B68B5
:10070000914A934209D07B681B68904A934201D179
:10071000042309E04FF0FF3306E0032304E0022343
:1007200002E0012300E00023FB60FB68B3F1FF3F20
:1007300002D16FF00203CEE10122FB6802FA03F35B
:100740001846FFF799FF00F03BFA0346012B01D151
:100750000023C0E1FB68032B0DDC7B68997A7B6882
:100760005B681A46386900F0FDF978617B69002BF7
:1007700001D07B69AFE1FB68032B09DC7B68197A48
:100780007B685B681A46386900F06AFA786176E03F
:1007900000237B617B681B7A022B06D0022B6ADC6C
:1007A000002B45D0012B21D065E0694B1A6A7B688C
:1007B0005B685B0003F002017B685B681B0103F070
:1007C00020030B43624913430B62614B9A687B68B9
:1007D0005B685B0003F002017B685B685B0803F009
:1007E00001030B435A4913438B6048E0584B1A6A84
:1007F0007B685B685B0003F002017B685B681B0140
:1008000003F020030B43524913430B62504B9A6889
:100810007B685B685B0003F002017B685B685B08D8
:1008200003F001030B43DB43494913408B6026E08F
:10083000474B1A6A7B685B685B0003F002017B68C8
:100840005B681B0103F020030B43DB43404913406B
:100850000B623F4B9A687B685B685B0003F00201A8
:100860007B685B685B0803F001030B43DB4338499B
:1008700013408B6003E06FF010037B6100BF7B6966
:10088000002B01D07B6926E1FB68032B00F39880E5
:100890007B685B7A042B00F2908001A252F823F06F
:1008A000B50800100909001087090010D7080010CA
:1008B000550900103B691A6E7B685B68DB431A4080
:1008C0003B691A663B695A6E7B685B68DB431A407A
:1008D0003B695A66F0E03B691A6E7B685B681A43B5
:1008E0003B691A663B695A6E7B685B68DB431A405A
:1008F0003B695A663B69D3F8B8207B685B681A434A
:100900003B69C3F8B820D7E03B691A6E7B685B6827
:100910001A433B691A663B695A6E7B685B68DB4326
:100920001A403B695A663B69D3F8B8207B685B681C
:10093000DB431A403B69C3F8B820BDE000800040AB
:100940000090004000A000400004084000C00040AB
:10095000006C00403B691A6E7B685B68DB431A40A1
:100960003B691A663B695A6E7B685B681A433B6950
:100970005A663B69D3F8B8207B685B681A433B69C9
:10098000C3F8B82098E03B691A6E7B685B68DB436C
:100990001A403B691A663B695A6E7B685B681A436A
:1009A0003B695A663B69D3F8B8207B685B68DB43D8
:1009B0001A403B69C3F8B8207EE06FF002038AE07A
:1009C0007B685B7A042B74D801A252F823F000BF35
:1009D000E5090010070A0010610A0010070A00105C
:1009E000610A00103E4B1A6A7B685B689B0003F04B
:1009F00004017B685B685B0103F040030B433849EB
:100A000013430B6258E0364B1A6A7B685B685B00E5
:100A100003F002017B685B681B0103F020031943AC
:100A20007B685B689B0003F004007B685B685B018C
:100A300003F0400303430B43DB43294913400B629C
:100A4000274B1A6A7B685B6803F001017B685B686F
:100A5000DB0003F010030B43214913430B622BE02F
:100A60001F4B1A6A7B685B685B0003F002017B68BE
:100A70005B681B0103F0200319437B685B689B00E4
:100A800003F004007B685B685B0103F040030343F1
:100A900019437B685B6803F001007B685B68DB00DF
:100AA00003F0100303430B43DB430D4913400B6278
:100AB00002E06FF002030EE07B681B7A002B01D18D
:100AC000002308E07B68D97A7B685B681A4638693E
:100AD00000F064F8034618461837BD4680BD00BFD5
:100AE000006C004080B582B000AF78607868FFF796
:100AF00053FD00BF0837BD4680BD000080B582B001
:100B000000AF786039607B68074A934205D1074A95
:100B10003B6803F00303536203E03968786800F030
:100B200056F80837BD4680BD00C000400068004050
:100B300080B582B000AF78607B68084A934204D1E8
:100B4000074B5B6A03F0030303E0786800F04DF89D
:100B5000034618460837BD4680BD00BF00C00040B0
:100B60000068004080B584B000AFF8600B467A6042
:100B7000FB72FB68084A934202D16FF0100306E053
:100B8000FB7A7A681946F86800F03BF80346184685
:100B90001037BD4680BD00BF00C0004080B584B0A6
:100BA00000AFF8600B467A60FB72FB7A7A681946F0
:100BB000F86800F0E1F8034618461037BD4680BDDE
:100BC00080B500AFFFF74CFD0346184680BD80B4EA
:100BD00083B000AF786039607B683A689A6400BF80
:100BE0000C37BD465DF8047B704780B483B000AF1E
:100BF00078607B681B6C18460C37BD465DF8047B3B
:100C0000704780B584B000AFF8600B467A60FB7225
:100C1000FFF7D6FF0346012B01D100231CE0FB7A2E
:100C2000002B02D0012B0AD012E0FB68D3F8C020C1
:100C30007B68DB431A40FB68C3F8C0200BE0FB680D
:100C4000D3F8C0207B681A43FB68C3F8C02002E0D9
:100C50006FF0020300E0002318461037BD4680BD48
:100C600080B584B000AFF8600B467A60FB72FFF786
:100C7000A7FF0346012B01D1002379E0FB681A6B23
:100C80007B681A43FB681A63FB687A685A60FB7AD0
:100C9000052B69D801A252F823F000BFB50C001053
:100CA000D70C0010F90C0010150D0010310D0010BC
:100CB0004D0D0010FB687A685A61FB687A685A60CB
:100CC000FB687A681A67FB687A68DA67FB687A6893
:100CD000C3F888204BE0FB687A681A61FB687A6881
:100CE0005A60FB687A681A67FB687A68DA67FB689B
:100CF0007A68C3F888203AE0FB687A68C3F88820ED
:100D0000FB687A68DA67FB687A681A67FB687A6852
:100D10009A602CE0FB687A68C3F88820FB687A68E0
:100D2000DA67FB687A68DA66FB687A689A601EE0C0
:100D3000FB687A68C3F88820FB687A689A67FB6862
:100D40007A681A67FB687A689A6010E0FB687A68CC
:100D5000C3F88820FB687A689A67FB687A68DA6665
:100D6000FB687A689A6002E06FF0020300E00023FB
:100D700018461037BD4680BD80B584B000AFF8601E
:100D80000B467A60FB72FFF71BFF0346012B01D174
:100D9000002368E0FB7A032B52D801A252F823F01B
:100DA000B10D0010D70D0010FB0D00101F0E00102C
:100DB000FB68D3F8B0207B68DB431A40FB68C3F8BC
:100DC000B020FB68D3F8B4207B68DB431A40FB6893
:100DD000C3F8B42046E0FB68D3F8B0207B681A4320
:100DE000FB68C3F8B020FB68D3F8B4207B68DB4312
:100DF0001A40FB68C3F8B42034E0FB68D3F8B02095
:100E00007B68DB431A40FB68C3F8B020FB68D3F86B
:100E1000B4207B681A43FB68C3F8B42022E0FB6867
:100E2000D3F8B0207B681A43FB68C3F8B020FB6896
:100E3000D3F8B4207B681A43FB68C3F8B42011E0F0
:100E4000FB68D3F8B0207B68DB431A40FB68C3F82B
:100E5000B020FB68D3F8B4207B68DB431A40FB6802
:100E6000C3F8B420002318461037BD4680BD00BF2C
:100E700080B582B000AF7860786800F035F803463E
:100E800018460837BD4680BD80B584B000AFF86015
:100E9000B9607A607A68B968F86800F043F8034688
:100EA00018461037BD4680BD80B584B000AFF860ED
:100EB000B9607A607A68B968F86800F05EF803464D
:100EC00018461037BD4680BD80B582B000AF78604F
:100ED000044B1B681946786800F0DAFB00BF08373E
:100EE000BD4680BD0000002080B483B000AF7860B4
:100EF0007B68002B02D14FF0FF330DE07B681B6B4A
:100F000043F004027B681A6300BF7B681B6B03F02D
:100F10000403002BF9D1002318460C37BD465DF8B9
:100F2000047B704780B487B000AFF860B9607A6026
:100F300000237B61FB68002B02D0BB68002B0BD128
:100F40004FF0FF3313E0FB68D96A7B695A1C7A6162
:100F5000BA681344CAB21A707A687B699A4205D992
:100F6000FB685B6803F00203002BECD07B6918463A
:100F70001C37BD465DF8047B704780B487B000AF76
:100F8000F860B9607A6000237B61FB68002B02D0B7
:100F9000BB68002B0CD14FF0FF3314E07B695A1C67
:100FA0007A61BA6813441B78DBB21A46FB68DA62CE
:100FB0007A687B699A4205D9FB685B6803F0100385
:100FC000002BEBD07B6918461C37BD465DF8047BCF
:100FD000704780B483B000AF78607B68DB6943F012
:100FE00080027B68DA6100BF7B68DB6903F0800305
:100FF000002BF9D100BF00BF0C37BD465DF8047B64
:10100000704780B483B000AF78607B685B6A43F060
:1010100080027B685A6200BF7B685B6A03F08003D2
:10102000002BF9D100BF00BF0C37BD465DF8047B33
:10103000704780B485B000AFF860B9607A60FB6833
:10104000BA689A60FB687A681A6100BF1437BD46B7
:101050005DF8047B7047000080B584B000AF786015
:1010600039607B68114A93420ED07B68104A9342E4
:1010700008D07B680F4A934201D1022305E04FF06C
:10108000FF3302E0012300E000230B4A52F8233033
:10109000FB60FB68DB69002B04D0FB68DB69396807
:1010A000F868984700BF1037BD4680BD00D00140AA
:1010B00000E0014000F001402C0C002080B483B01F
:1010C00000AF78607B680022DA607B6800225A619A
:1010D0007B689A687B689A607B681A697B681A618A
:1010E0007B680E4A93420ED07B680D4A934208D02B
:1010F0007B680C4A934201D1022305E04FF0FF3395
:1011000002E0012300E00023074A002142F82310F7
:1011100000BF0C37BD465DF8047B704700D001402E
:1011200000E0014000F001402C0C002080B586B0AA
:1011300000AF7860924A7B6852F823307B61914A15
:101140007B6852F823303B617B68002B0BD07B68B7
:10115000012B06D07B68022B01D18B4B04E00023CE
:1011600002E08A4B00E08A4BFB608A4A7B6852F8B7
:101170002330BB60FB689B6803F4FE43002B19D04F
:10118000FB689A68FB689A60FB681A69FB681A61D9
:10119000FB680022DA60FB6800225A61F868FFF7FA
:1011A00067FE6FF00801F868FFF756FFF868FFF771
:1011B00085FFE2E0BB68DB687A699A4243D2FB684C
:1011C0009B6803F02003002B13D0BB689A687B69EF
:1011D000D118BB68DA687B69D31A1A46F868FFF73A
:1011E00063FE03461A467B6913447B61FB68202239
:1011F0009A60BB68DB687A699A4206D2FB68DB6852
:1012000043F02002FB68DA6005E0FB68DB6823F04E
:101210002002FB68DA60BB68DB687A699A4212D107
:10122000BB685B69002B0ED0FB681B6B43F00202AE
:10123000FB681A63FB6801229A60FB68DB6843F075
:101240000102FB68DA60BB685B693A699A4219D2AD
:10125000FB689B6803F01103002B13D0BB681A696D
:101260003B69D118BB685A693B69D31A1A46F868BA
:10127000FFF70AFE03461A463B6913443B61FB68CD
:1012800010229A60BB68DB687A699A423AD1BB68DF
:101290005B693A699A4235D0FB689B6803F00103A9
:1012A000002B2FD0FB6801229A603B69002B06D1EE
:1012B000BB685B685B0043F00102FB68DA62BB68F5
:1012C0005A693B69D31AB3F5807F03D9FB680022C2
:1012D0001A6205E0BB685A693B69D21AFB681A6258
:1012E000BB685B693A699A4206D2FB68DB6843F0E7
:1012F0001102FB68DA6005E0FB68DB6823F011028D
:10130000FB68DA60BB68DB687A699A422BD1BB68FC
:101310005B693A699A4226D1FB680022DA60FB6871
:1013200000225A61FB689A68FB689A60FB681A6938
:10133000FB681A61BB689B69002B06D0FB681B6BBE
:1013400043F00202FB681A6305E0FB681B6B43F085
:101350000402FB681A630021F868FFF77DFEF86855
:10136000FFF7ACFE09E006497B687A6941F8232063
:1013700004497B683A6941F823201837BD4680BD8F
:10138000380C0020440C002000F0014000E0014037
:1013900000D001402C0C002080B586B000AFF86072
:1013A000B9607A603B60FB689B687B613B680022A8
:1013B0001A607B6903F4FE43002B36D03B686FF064
:1013C00008021A60BB68002B04D0BB683A6804218D
:1013D000F868984707226FF07F41F868FFF729FE09
:1013E000F868FFF70EFEF868FFF7F3FD7B68002250
:1013F0001A607B68043300221A60FB68924A9342A9
:101400000ED0FB68914A934208D0FB68904A934201
:1014100001D1022305E04FF0FF3302E0012300E099
:1014200000238C4A002142F823107B681B6803F0DC
:101430001003002B06D17B6804331B6803F0010303
:10144000002B20D07B6903F01003002B0AD0BB686F
:10145000002B04D0BB6800220221F8689847FB6883
:1014600010229A60FB681B6903F00103002B0AD06D
:10147000BB68002B04D0BB6800220621F86898479F
:10148000FB6801221A617B681A6848F22003134046
:10149000002B06D17B6804331B6803F00203002B8A
:1014A00053D07B6903F02003002B0AD0BB68002BCC
:1014B00004D0BB6800220321F8689847FB6820220B
:1014C0009A60FB681B6903F00203002B0AD0BB681B
:1014D000002B04D0BB6800220521F8689847FB6800
:1014E00002221A617B6903F40043002B2DD03B6874
:1014F00000221A60BB68002B04D0BB683A68042144
:10150000F8689847FB684FF400429A607B680022B5
:101510001A607B68043300221A60FB684A4A9342CF
:101520000ED0FB68494A934208D0FB68484A934270
:1015300001D1022305E04FF0FF3302E0012300E078
:101540000023444A002142F823107B681B6803F003
:101550000103002B3DD07B6903F04003002B2DD00D
:101560003B6800221A60BB68002B04D0BB683A6855
:101570000421F8689847FB6840229A607B68002243
:101580001A607B68043300221A60FB682E4A93427B
:101590000ED0FB682D4A934208D0FB682C4A934238
:1015A00001D1022305E04FF0FF3302E0012300E008
:1015B0000023284A002142F823100AE07B6903F047
:1015C0000103002B05D0FB6801229A607B6808228A
:1015D0001A607B681B6803F00803002B53D07B69FB
:1015E00003F00803002B4ED07B6903F04003002B6F
:1015F00007D07B6903F00103002B02D1FB68402276
:101600009A60FB681B6803F40063002B24D0BB685E
:10161000002B04D0BB6800220121F8689847FB68C2
:101620004FF480029A60FB6808229A60FB684FF4CE
:1016300000429A607B684FF621721A607B6804331F
:1016400002221A601FE000BF00D0014000E001400C
:1016500000F001402C0C0020BB68002B04D0BB68BC
:1016600000220021F8689847FB684FF400029A6056
:10167000FB6808229A607B6847F611721A607B68E3
:10168000043301221A6000BF1837BD4680BD00BF79
:1016900080B588B000AF786039607B681F4A93429C
:1016A0000ED07B681E4A934208D07B681D4A934245
:1016B00001D1022305E04FF0FF3302E0012300E0F7
:1016C0000023FB61FB69002B23DB7B681B6803F0B5
:1016D0000203002B03D0F869FFF728FD1AE0124A35
:1016E000FB6952F82330BB617B68DB68FB607B6879
:1016F0005B693B6107F1140307F10C02B969786873
:10170000FFF74AFEFA687B68DA603A697B685A61DB
:1017100000E000BF2037BD4680BD00BF00D00140C3
:1017200000E0014000F001402C0C002080B582B0A8
:1017300000AF7860786800F01EF800BF0837BD463B
:1017400080BD80B582B000AF7860786800F03EF868
:1017500000BF0837BD4680BD80B483B000AF78605D
:101760007B68D3F8003103F4803318460C37BD464C
:101770005DF8047B704780B582B000AF78607B680D
:10178000D3F8003123F001027B68C3F800217B68A5
:101790000122C3F8002700BF7868FFF7DDFF03468A
:1017A000002BF9D07B68D3F8003143F001027B684D
:1017B000C3F8002100BF7868FFF7CEFF0346002B77
:1017C000F9D000BF00BF0837BD4680BD80B483B0EC
:1017D00000AF78607B68D3F8003123F001027B68AA
:1017E000C3F8002100BF0C37BD465DF8047B70478D
:1017F00080B500AF024800F015F80346184680BDDA
:101800000060004080B582B000AF7860796804481D
:1018100000F016F8034618460837BD4680BD00BFE5
:101820000060004080B483B000AF78607B681B69C3
:1018300003F0D00318460C37BD465DF8047B7047B3
:1018400080B483B000AF786039607B681A693B6808
:1018500003F0D003DB431A407B681A61002318466B
:101860000C37BD465DF8047B7047000080B58CB036
:1018700002AFF8607B600B46FB721346BB72FB7ACB
:101880007B62BB7A3B627B68FB6197F83030BB615F
:101890007B6B7B61FB687F4A93421AD0FB687E4A70
:1018A000934214D0FB687D4A93420ED0FB687C4A79
:1018B000934208D0FB687B4A934201D1042309E09C
:1018C0004FF0FF3306E0032304E0022302E001238C
:1018D00000E000233B61FB69042B02DD6FF0020393
:1018E000D3E03B69022B08DC6F4B1B685A087B690D
:1018F0009A4202D26FF00203C7E03B69022B07DD78
:101900007A69694B1B689A4202D96FF00203BCE006
:10191000FB68604A93421ED10D2001F0E1F90620D8
:1019200001F04AF86148FEF7D3FE97F83830002BF3
:1019300002D05F48FEF7CCFE97F83930002B02D07A
:101940005C48FEF7C5FE97F83A30002B00F0928015
:101950006FF0020399E0FB684F4A93421ED10E20BC
:1019600001F0BEF9072001F027F85348FEF7B0FE5A
:1019700097F83830002B02D05048FEF7A9FE97F8B0
:101980003930002B02D04E48FEF7A2FE97F83A30CD
:10199000002B6FD04B48FEF79BFE6BE0FB683F4A85
:1019A00093421ED10F2001F09BF9082001F004F8AA
:1019B0004548FEF78DFE97F83830002B02D043489B
:1019C000FEF786FE97F83930002B02D04048FEF72C
:1019D0007FFE97F83A30002B4CD03E48FEF778FE59
:1019E00048E0FB682E4A93421ED12B2001F078F983
:1019F000302000F0E1FF3848FEF76AFE97F83830F3
:101A0000002B02D03548FEF763FE97F83930002BE3
:101A100002D03348FEF75CFE97F83A30002B29D00D
:101A20003048FEF755FE25E0FB681E4A93421ED162
:101A30002D2001F055F9312000F0BEFF2A48FEF7B5
:101A400047FE97F83830002B02D02848FEF740FEBA
:101A500097F83930002B02D02548FEF739FE97F869
:101A60003A30002B06D02348FEF732FE02E06FF03A
:101A700001030AE0BB697A6901920093FB693A6A43
:101A8000796AF86800F0BCF9034618462837BD4665
:101A900080BD00BF0060044000700440008004402E
:101AA00000E00B4000E40B40E00500200090001037
:101AB0000C9000101890001024900010309000102E
:101AC0003C9000104890001054900010609000105E
:101AD0006C9000107890001084900010909000108E
:101AE0009C900010A8900010B4900010C0900010BE
:101AF000CC900010D890001080B584B000AF786012
:101B00007B68294A93421AD07B68284A934214D0B2
:101B10007B68274A93420ED07B68264A934208D0BE
:101B20007B68254A934201D1042309E04FF0FF333B
:101B300006E0032304E0022302E0012300E0002387
:101B4000FB60786800F05CFA7B68174A934203D127
:101B5000062000F0F3FE22E07B68144A934203D192
:101B6000072000F0EBFE1AE07B68114A934203D194
:101B7000082000F0E3FE12E07B680E4A934203D196
:101B8000302000F0DBFE0AE07B680B4A934203D171
:101B9000312000F0D3FE02E06FF0010300E00023EB
:101BA00018461037BD4680BD0060044000700440F8
:101BB0000080044000E00B4000E40B4080B485B09E
:101BC00000AF78600023FB607B68434A93420FD0EC
:101BD0007B68424A93420BD07B68414A934207D0CC
:101BE0007B68404A934203D07B683F4A934218D1B6
:101BF0007B68394A93420FD07B68384A93420BD0B6
:101C00007B68374A934207D07B68364A934208D0B4
:101C10007B68354A934204D0344B1B685B08FB60F9
:101C20004FE07B682C4A934248D07B682B4A934212
:101C300044D07B682A4A934240D07B68294A934229
:101C400003D07B68284A934238D14FF080439B6889
:101C50005B0A03F00703BB60BB68072B2AD801A20D
:101C600052F823F0991C0010B51C00108B1C0010BA
:101C70009F1C0010851C0010911C0010A71C001058
:101C8000AF1C00101A4BFB6017E01A4BFB6014E00E
:101C90004FF4E103FB6010E0174BFB600DE04FF4E5
:101CA000FA53FB6009E04FF40043FB6005E0134B7F
:101CB000FB6002E06FF0020307E002E06FF0020356
:101CC00003E0FB68DA0F13445B1018461437BD4677
:101CD0005DF8047B704700BF006004400070044062
:101CE0000080044000E00B4000E40B40E0050020D1
:101CF000000E27070048E801008793030080BB001F
:101D000080B582B000AF786039603968786800F0DB
:101D100045FA034618460837BD4680BD80B582B0F7
:101D200000AF786039603968786800F09FFA034640
:101D300018460837BD4680BD80B582B000AF7860D8
:101D4000786800F015FB034618460837BD4680BD8D
:101D500080B582B000AF78600B46FB70FB78194607
:101D6000786800F01DFB034618460837BD4680BD65
:101D700080B582B000AF78600B46FB70FB781946E7
:101D8000786800F049FB034618460837BD4680BD19
:101D900080B584B000AFF860B9607A607A68B968DD
:101DA000F86800F089FB034618461037BD4680BD31
:101DB00080B582B000AF7860786800F0DFFB034642
:101DC00018460837BD4680BD80B584B000AFF860C6
:101DD000B9607A607A68B968F86800F0DEFB03469B
:101DE00018461037BD4680BD80B582B000AF786020
:101DF000786800F030FC034618460837BD4680BDC1
:101E000080B586B000AFF860B9607A603B60FB686F
:101E1000744A93421AD0FB68734A934214D0FB6809
:101E2000724A93420ED0FB68714A934208D0FB6815
:101E3000704A934201D1042309E04FF0FF3306E0DA
:101E4000032304E0022302E0012300E000237B617E
:101E50007B69002B02DA6FF00203BEE066497A6903
:101E600013469B001344DB000B4400221A606249B6
:101E70007A6913469B001344DB000B4408330022AD
:101E80001A605D497A6913469B001344DB000B44DA
:101E90000C3301221A6058497A6913469B00134497
:101EA000DB000B44103300221A6053497A69134651
:101EB0009B001344DB000B441C3300221A604E4984
:101EC0007A6913469B001344DB000B442033002245
:101ED0001A6049497A6913469B001344DB000B449E
:101EE00014336FF001021A6043497A6913469B006C
:101EF0001344DB000B4418336FF001021A603E49B3
:101F00007A6913469B001344DB000B4427330122FC
:101F10001A70FB6801225A60FB68384A1A61BB6874
:101F2000002B06D0FB685B6843F00202FB685A6036
:101F300005E0FB685B6823F00202FB685A60796A7F
:101F4000F868FFF7DDFE3B6AFF2B02D96FF0020352
:101F500043E0FB68DA683B6A1B041A43FB68DA60FB
:101F6000FB681A6AFB681A6223497A6913469B0068
:101F70001344DB000B4427331B78002B23D03B6832
:101F8000012B05D1FB685B6843F48032FB685A6023
:101F90003B68022B05D1FB685B6843F44032FB6869
:101FA0005A603B68032B05D1FB685B6843F4E02271
:101FB000FB685A603B68042B05D1FB685B6843F4FF
:101FC0007022FB685A607B68002B05D0FB68DB68D9
:101FD00043F40052FB68DA60002318461837BD4608
:101FE00080BD00BF006004400070044000800440D9
:101FF00000E00B4000E40B40500C00200101010008
:1020000080B584B000AF78607B685E4A93421AD096
:102010007B685D4A934214D07B685C4A93420ED041
:102020007B685B4A934208D07B685A4A934201D14D
:10203000042309E04FF0FF3306E0032304E002230A
:1020400002E0012300E00023FB607B6800225A626B
:102050007B681A6A7B681A627B685B6823F00102FE
:102060007B685A607B68DB6923F040127B68DA6129
:102070004949FA6813469B001344DB000B441B6874
:10208000002B2AD04449FA6813469B001344DB0016
:102090000B441B68BB60FA6813469B001344DB00CB
:1020A0003D4A1344184600F038FC3B49FA68134691
:1020B0009B001344DB000B441B685B6A002B0CD0B5
:1020C0003549FA6813469B001344DB000B441B6838
:1020D0005B6A6FF00E01B86898477B6800225A600F
:1020E0007B6800229A607B680022DA607B680022AD
:1020F0001A612949FA6813469B001344DB000B441C
:1021000014331B68002B16DB2349FA6813469B0027
:102110001344DB000B4414331B681846FEF7B6F972
:102120001D49FA6813469B001344DB000B4414332B
:102130006FF001021A601849FA6813469B001344B5
:10214000DB000B4418331B68002B16DB1249FA68BE
:1021500013469B001344DB000B4418331B681846DE
:10216000FEF794F90C49FA6813469B001344DB0010
:102170000B4418336FF001021A6000231846103721
:10218000BD4680BD006004400070044000800440F3
:1021900000E00B4000E40B40500C002080B586B0FE
:1021A00000AF78603960304B1B685B083A689A4230
:1021B00002D96FF0020353E07868FFF7FFFC034693
:1021C000BB60BA683B68B2FBF3F3BB60BB685B08FB
:1021D0007B61BB685B083B610023FB60BB6803F06D
:1021E0000103002B10D07B6901337B610CE07B691C
:1021F000DA0F13445B107B613B69DA0F13445B1009
:102200003B61FB680133FB607B690F2B02DDFB68E0
:10221000072BECDDFB68082B03D10F233B610F2359
:102220007B617B685B6923F0FF023B69DBB21A4389
:102230007B685A617B685B6923F47F427B691B0280
:102240009BB21A437B685A617B685B6923F47022F6
:10225000FB681B0403F470231A437B685A61002354
:1022600018461837BD4680BDE005002080B485B013
:1022700000AF786039603B68012B02D03B68102BBF
:1022800002DD6FF0020360E07B68334A93421AD0AC
:102290007B68324A934214D07B68314A93420ED015
:1022A0007B68304A934208D07B682F4A934201D121
:1022B000042309E04FF0FF3306E0032304E0022388
:1022C00002E0012300E00023FB607B681B6B03F04E
:1022D0000103002B37D12549FA6813469B001344AC
:1022E000DB000B440C331B68012B2CD17B685B6833
:1022F00023F001027B685A6039681C48FA6813466B
:102300009B001344DB000344083319603B680F2B28
:102310000BDC7B68DB6823F470623B681B0203F410
:1023200070631A437B68DA6005E07B68DB6823F43E
:1023300070627B68DA607B685B6843F001027B68EF
:102340005A60002301E06FF0060318461437BD46BB
:102350005DF8047B704700BF0060044000700440DB
:102360000080044000E00B4000E40B40500C0020D3
:1023700080B483B000AF78607B68DB6803F470637F
:10238000002B01D1102304E07B68DB681B0A03F0FB
:102390000F0318460C37BD465DF8047B70470000FC
:1023A00080B483B000AF78600B46FB707B68DB685D
:1023B00023F430427B68DA60FB78032B24D801A237
:1023C00052F823F0D5230010E3230010ED23001072
:1023D000FB2300107B68DB6843F400427B68DA6013
:1023E00012E07B68DA687B68DA600DE07B68DB68A6
:1023F00043F480527B68DA6006E07B68DB6843F474
:1024000000527B68DA6000BF002318460C37BD46D7
:102410005DF8047B704700BF80B483B000AF786084
:102420000B46FB70FB78032B3ED801A252F823F039
:10243000412400105B240010752400108F2400102C
:102440007B68DB6823F001027B68DA607B68DB680D
:1024500023F002027B68DA6027E07B68DB6843F0E8
:1024600001027B68DA607B68DB6823F002027B682C
:10247000DA601AE07B68DB6823F001027B68DA60CF
:102480007B68DB6843F002027B68DA600DE07B6802
:10249000DB6843F001027B68DA607B68DB6843F04D
:1024A00002027B68DA6000E000BF002318460C37A8
:1024B000BD465DF8047B704780B588B000AFF8601A
:1024C000B9607A60BB68002B02D07B68002B01D119
:1024D00000234FE0F868FFF76BFCB861F868FFF77E
:1024E0002BFC03467B617A68BB699A4201D9BB69C0
:1024F0007B607B69082B03D97B6823F001037B6039
:102500000023FB6132E07B69082B23D97B68032B16
:102510000CD9BA68FB691344FA6812681A607B68C0
:10252000043B7B60FB690433FB610FE07B68012B9C
:102530000CD9BA68FB691344FA68128892B21A80FF
:102540007B68023B7B60FB690233FB617B68012B8C
:102550000CD10EE0FB695A1CFA61BA681344FA68A0
:102560001278D2B21A707B68013B7B607B68002BCB
:10257000C9D1FB6918462037BD4680BD80B483B001
:1025800000AF78607B68DB691B0E03F03F031846E1
:102590000C37BD465DF8047B704780B588B000AF4E
:1025A000F860B9607A60BB68002B02D07B68002BB2
:1025B00001D100234BE0F868FFF716FCB861F8681A
:1025C000FFF7BAFB03467B617A68BB699A4201D97F
:1025D000BB697B607B69082B03D97B6823F001030F
:1025E0007B600023FB612EE07B69082B20D97B6890
:1025F000032B0CD9FB68B968FA690A4412681A609F
:102600007B68043B7B60FB690433FB611BE07B68F8
:10261000012B18D9FB68B968FA690A44128892B28A
:102620001A807B68023B7B60FB690233FB610AE036
:10263000FB695A1CFA61BA6813441A78FB681A706D
:102640007B68013B7B607B68002BCDD1FB69184622
:102650002037BD4680BD80B483B000AF78607B6812
:10266000DB691B0A03F03F03C3F1200318460C3754
:10267000BD465DF8047B704780B500AF0F4B1B680B
:1026800003F48033002B16D00D4B1B68002B05DDA7
:102690000B4B1B68013B0A4A13600CE000F0BEF8CC
:1026A000084B1B68002B06D0064B1B680020984780
:1026B000044B00221A6000BF80BD00BF10E000E0A4
:1026C00004000020200D00202DE9B04386B000AFAB
:1026D00078603649896879613449096821F4803124
:1026E000334801603149096801F00101002911D125
:1026F0002E496FF07F4048602C496FF07F40886022
:102700002A49052008606FF07F4179614FF08071A0
:10271000396103E025494968013139617968002050
:10272000884681462349096800200A46034602FB81
:1027300009F008FB03F10144A8FB02454B191D46B3
:102740001D4A4FF000032046294604F0D7FB0246FD
:102750000B461346FB60FA683B69B2FBF3F31A467B
:10276000164B1A60FB683A69B3FBF2F2396901FB58
:1027700002F29B1ABB60BA687B699A420CD30F4B7A
:102780001B6801330D4A13607A69BB68D21A3B6932
:1027900013440B4A136004E07A69BB68D31A084AF1
:1027A000136000BF1837BD46BDE8B08310E000E0FD
:1027B0001C0D0020E005002040420F000400002016
:1027C000180D002080B582B000AF78603960104AE3
:1027D0003B6813600F4B1B68002B02DD6FF0050395
:1027E00012E07B68002B01D100230DE07868FFF731
:1027F0006BFF084B1B68002B05DD074B1B68064A67
:1028000043F002031360002318460837BD4680BD1D
:10281000200D00200400002010E000E080B500AF93
:102820000A4B1B68002B07D0084B1B686FF00F008A
:102830009847064B00221A60054A064B1B68136036
:10284000054B4FF0FF321A6000BF80BD200D002005
:1028500010E000E01C0D00200400002080B582B0D4
:1028600000AF7860164B1B68002B02DD6FF005038C
:1028700021E07B68002B01D100231CE07868FFF782
:1028800023FF0AE00F4B1B6803F48033002B04D0B6
:102890000B4B1B68013B0A4A1360094B1B68002B5A
:1028A000F0DC00BF074B9A68074B1B689A42F9D8C7
:1028B000FFF7B4FF002318460837BD4680BD00BFB0
:1028C0000400002010E000E0180D002080B489B062
:1028D00000AF786039607B68FB61FB6953E8003FBB
:1028E000BB61BB69002B02D06FF005030FE03B68B2
:1028F0007B617B683B6139697A6941E80023FB6051
:10290000FB68002BE7D1BFF35F8F00BF00231846A1
:102910002437BD465DF8047B704780B483B000AFB8
:102920007860BFF35F8F00BF7B6800221A6000BF32
:102930000C37BD465DF8047B7047000080B483B05F
:1029400000AF0346FB71FB793F2B0DD9FB79403B70
:10295000FB71184BDB68FA79012101FA02F211468A
:10296000144A0B43D3601EE0FB791F2B0FD9FB7970
:10297000203BFB714FF080439B6CFA79012101FAF7
:1029800002F211464FF080420B4393640BE04FF08C
:1029900080435B6AFA79012101FA02F211464FF095
:1029A00080420B43536200BF0C37BD465DF8047B89
:1029B000704700BF0000084080B483B000AF0346FA
:1029C000FB71FB793F2B0ED9FB79403BFB71194B17
:1029D000DB68FA79012101FA02F2D2431146154A65
:1029E0000B40D36020E0FB791F2B10D9FB79203BF3
:1029F000FB714FF080439B6CFA79012101FA02F2DE
:102A0000D24311464FF080420B4093640CE04FF0EC
:102A100080435B6AFA79012101FA02F2D24311463E
:102A20004FF080420B40536200BF0C37BD465DF84B
:102A3000047B70470000084080B582B000AF0346B9
:102A4000FB71FB79072B6CD801A252F823F000BF71
:102A5000A92A0010232B0010DB2A0010CF2A001017
:102A6000712A00108D2A0010072B0010C52A0010B3
:102A70004FF080439B684FF0804243F40023936003
:102A80004FF0006000F056F803464CE04FF08043F2
:102A90009B684FF0804243F4801393604FF0805066
:102AA00000F048F803463EE04FF080439B684FF04B
:102AB000804243F4802393604FF0806000F03AF846
:102AC000034630E01A48FDF703FE03462BE04FF0C3
:102AD000005000F02FF8034625E04FF080435B6F75
:102AE0004FF0804243F0110353674FF080439B68DF
:102AF0004FF0804243F4803393604FF0807000F0D9
:102B000019F803460FE04FF080439B684FF0804276
:102B100043F4003393604FF0007000F00BF803466D
:102B200001E06FF0020318460837BD4680BD00BFC4
:102B3000F48F001080B582B000AF786000214FF4B0
:102B40007A70FFF73FFE00BF4FF080439A687B68C2
:102B50001340002BF8D0002318460837BD4680BD2F
:102B600080B584B000AF0346FB714FF080439B6893
:102B700003F46063FB60FB79072B00F2918001A2F4
:102B800052F823F0CF2B0010A12C0010372C00108E
:102B9000612C0010A52B0010F52B0010772C0010D5
:102BA0001F2C00104FF080439B6803F40023002B80
:102BB00002D10420FFF740FF4FF080439B6823F4CD
:102BC00060634FF0804243F4006393606BE04FF02A
:102BD00080439B6803F48023002B02D10020FFF781
:102BE0002BFF4FF080439B684FF0804223F46063DB
:102BF000936058E04FF080439B6803F48013002BF0
:102C000002D10520FFF718FF4FF080439B6823F4A3
:102C100060634FF0804243F42063936043E00720F9
:102C2000FFF70AFF4FF080439B684FF0804243F468
:102C30006063936037E04FF080439B6803F4803318
:102C4000002B02D10220FFF7F7FE4FF080439B6874
:102C500023F460634FF0804243F48063936022E08A
:102C60004FF080439B6823F460634FF0804243F44D
:102C7000C063936017E04FF080439B6803F4003318
:102C8000002B02D10620FFF7D7FE4FF080439B6850
:102C900023F460634FF0804243F44063936002E0AA
:102CA0006FF0020318E04FF40050FFF743FF0346B4
:102CB000002B0ED04FF080439B6823F46062FB68CA
:102CC00003F460634FF0804113438B606FF009039E
:102CD00002E0FDF709FB002318461037BD4680BD12
:102CE00080B483B000AF0346FB71FB793F2B12D950
:102CF000FB79403BFB71FB7901229A401D4B9A60A6
:102D000000BF1C4B9B68FA79012101FA02F21340C3
:102D1000002BF6D128E0FB791F2B14D9FB79203B3F
:102D2000FB71FB7901229A404FF080435A6400BF47
:102D30004FF080435B6CFA79012101FA02F21340F3
:102D4000002BF5D110E0FB7901229A404FF080432F
:102D50005A6000BF4FF080435B68FA79012101FAA5
:102D600002F21340002BF5D100BF0C37BD465DF8D1
:102D7000047B70470000084080B582B000AF7860E7
:102D8000786800F005F800BF0837BD4680BD000038
:102D900080B485B000AF78607B68194A934220D038
:102DA0007B68184A93421AD07B68174A934214D022
:102DB0007B68164A93420ED07B68154A934208D02E
:102DC0007B68144A934201D105230BE04FF0FF3397
:102DD00008E0042306E0032304E0022302E00123C9
:102DE00000E00023FB607B68DB6843F001127B6836
:102DF000DA6000BF1437BD465DF8047B704700BF42
:102E0000000001400010014000200140003001405E
:102E1000000C08400010084080B582B000AF786018
:102E200039603968786800F0D9FB034618460837DE
:102E3000BD4680BD80B582B000AF7860786800F094
:102E40002BFC034618460837BD4680BD80B584B0CC
:102E500000AFF860B9607A607A68B968F86800F025
:102E6000FCF8034618461037BD4680BD80B582B0D9
:102E700000AF7860786800F016F903461846083706
:102E8000BD4680BD80B584B000AFF860B9607A609F
:102E90007A68B968F86800F015F9034618461037E3
:102EA000BD4680BD80B582B000AF7860786800F024
:102EB0002FF9034618460837BD4680BD80B582B05D
:102EC00000AF7860786800F036F903461846083796
:102ED000BD4680BD80B582B000AF7860396039688A
:102EE000786800F040F9034618460837BD4680BDB3
:102EF00080B582B000AF7860786800F053F903467F
:102F000018460837BD4680BD80B582B000AF7860F6
:102F100039603968786800F051F903461846083777
:102F2000BD4680BD80B582B000AF78603960396839
:102F3000786800F052F9034618460837BD4680BD50
:102F400080B582B000AF786039603968786800F089
:102F500056F9034618460837BD4680BD80B582B095
:102F600000AF7860786800F05DF9034618460837CE
:102F7000BD4680BD80B582B000AF7860786800F053
:102F800099FB034618460837BD4680BD80B483B020
:102F900000AF0346FB71FB7903F01F03012202FA25
:102FA00003F1064A97F907305B09403342F82310D2
:102FB00000BF0C37BD465DF8047B704700E100E0C0
:102FC00080B584B000AF78607B681B68102118461C
:102FD000FFF79AFF7B681B681846FFF747FFF8600A
:102FE0007B681A697B689B69D31AFA68934228BF89
:102FF0001346FB607B6818687B689A687B689B69EE
:103000001344FA681946FFF721FFF8607B689A6954
:10301000FB681A447B689A617B681A697B689B69C4
:10302000D31AFB60FB68072B01D90723FB607B6881
:103030001B68F9681846FFF74DFFFB68002B08D0A6
:103040007B681B681846FFF711FF0246FB68934236
:10305000BAD900BF1037BD4680BD80B487B000AF7D
:10306000F860B9607A6000237B610FE0FB685B6801
:1030700003F01003002B0ED1FB68196ABA687B6954
:103080001344CAB21A707B6901337B617A697B6829
:103090009A42EBD300E000BF7B6918461C37BD465F
:1030A0005DF8047B704780B483B000AF78607B68C4
:1030B0005B681B0A03F00F0318460C37BD465DF82A
:1030C000047B704780B487B000AFF860B9607A6065
:1030D00000237B610FE0FB685B6803F08003002B3B
:1030E0000ED1BA687B6913441B781A46FB681A62D2
:1030F0007B6901337B617A697B689A42EBD300E09C
:1031000000BF7B6918461C37BD465DF8047B7047DD
:1031100080B485B000AF78607B685B681B0B03F000
:103120000F03FB60FB68C3F1080318461437BD4664
:103130005DF8047B704780B483B000AF78607B6833
:103140001B6843F480727B681A6000BF7B681B6851
:1031500003F48073002BF9D1002318460C37BD46C9
:103160005DF8047B704780B483B000AF786039604D
:103170003B68002B02D03B68082B02D96FF002039A
:103180000AE07B681B6823F00F023B6803F00F0323
:103190001A437B681A60002318460C37BD465DF859
:1031A000047B704780B483B000AF78607B68DB68D5
:1031B00018460C37BD465DF8047B704780B483B079
:1031C00000AF786039607B683A68DA60002318469F
:1031D0000C37BD465DF8047B704780B483B000AF08
:1031E000786039607B689A683B681A437B689A60AC
:1031F000002318460C37BD465DF8047B704780B449
:1032000083B000AF786039607B689A683B68DB43C5
:103210001A407B689A60002318460C37BD465DF85B
:10322000047B704780B584B000AF78607B681B6812
:10323000964A934217D07B681B68954A934210D0F8
:103240007B681B68934A934209D07B681B68924A4B
:10325000934201D1032307E04FF0FF3304E0022340
:1032600002E0012300E00023FB608C4AFB6852F877
:103270002330002B14D18A4AFB6852F82330002BEC
:103280000ED17B681B684FF0FF311846FFF758FEE0
:103290007B681B684FF0FF311846FFF735FE19E0D9
:1032A0007F4AFB6852F82330002B06D07B681B69ED
:1032B000002B02D06FF00503FFE0784AFB6852F85C
:1032C0002330002B06D07B68DB68002B02D06FF028
:1032D0000503F2E07B6800225A617B6800229A6154
:1032E0007B68DB68002B71D07B685B68002B02D1A8
:1032F0006FF00203E1E07B681B68644A934217D0D9
:103300007B681B68624A934210D07B681B68614AE5
:10331000934209D07B681B685F4A934201D1032323
:1033200007E04FF0FF3304E0022302E0012300E056
:1033300000235A497A6841F823207B681B681846A5
:10334000FFF7B0FDB8607B68DA687B685B69D31A09
:10335000BA68934228BF1346BB607B6818687B68D5
:103360005A687B685B691344BA681946FFF78AFD9F
:1033700002467B685B691A447B685A617B685A69BC
:103380007B68DB689A421BD1FB68002B13D0FB687B
:103390005BB2012B0DD0FB685BB2022B07D0FB6840
:1033A0005BB2032B01D1582306E0002304E0222363
:1033B00002E00F2300E00E231846FFF7E7FD05E0CB
:1033C0007B681B6840211846FFF7ACFD7B681B69D2
:1033D000002B71D07B689B68002B0ED17B681B682B
:1033E0004FF0FF311846FFF7ABFD7B681B681846AE
:1033F000FFF764FD6FF002035FE07B681B68234A00
:10340000934217D07B681B68214A934210D07B6897
:103410001B68204A934209D07B681B681E4A93426E
:1034200001D1032307E04FF0FF3304E0022302E061
:10343000012300E000231A497A6841F823207B68C1
:103440001B6810211846FFF76DFD7B681B680B2178
:103450001846FFF767FD7868FFF7B2FD7B681A69C9
:103460007B689B699A4227D1FB68002B20D0FB68C0
:103470005BB2012B1AD0FB685BB2022B14D0FB6845
:103480005BB2032B0ED1582313E000BF0020044091
:10349000003004400040044000140840240D002087
:1034A000340D0020002304E0222302E00F2300E07B
:1034B0000E231846FFF76AFD002318461037BD4655
:1034C00080BD00BF80B584B000AF786039607B6894
:1034D0001A4A934214D07B68194A93420ED07B68F3
:1034E000184A934208D07B68174A934201D10323BC
:1034F00007E04FF0FF3304E0022302E0012300E085
:103500000023FB60114AFB6852F82330BB60BB68A4
:10351000002B0DD0BB68DB69002B09D00B4AFB6880
:10352000002142F82310BB68DB693968B868984706
:10353000002318461037BD4680BD00BF0020044060
:10354000003004400040044000140840240D0020D6
:1035500080B584B000AF786039607B681A4A9342C6
:1035600014D07B68194A93420ED07B68184A934264
:1035700008D07B68174A934201D1032307E04FF03C
:10358000FF3304E0022302E0012300E00023FB609C
:10359000114AFB6852F82330BB60BB68002B0DD08A
:1035A000BB68DB69002B09D00B4AFB68002142F89D
:1035B0002310BB68DB693968B86898470023184650
:1035C0001037BD4680BD00BF0020044000300440DD
:1035D0000040044000140840340D002080B584B041
:1035E00000AF786039607B68184A934214D07B68DA
:1035F000174A93420ED07B68164A934208D07B68E4
:10360000154A934201D1032307E04FF0FF3304E052
:10361000022302E0012300E00023FB6039687868A0
:10362000FFF750FF0D4AFB6852F823200C49FB6856
:1036300051F823309A4203D039687868FFF788FF41
:10364000002318461037BD4680BD00BF002004404F
:10365000003004400040044000140840340D0020B5
:10366000240D002080B582B000AF786040217868DA
:10367000FFF766FC002318460837BD4680BD80B5BD
:1036800082B000AF78600B217868FFF759FC002307
:1036900018460837BD4680BD80B582B000AF78605F
:1036A0004FF0FF317868FFF74BFC002318460837CE
:1036B000BD4680BD80B586B000AF78607B68724A39
:1036C000934214D07B68714A93420ED07B68704A53
:1036D000934208D07B686F4A934201D1032307E0ED
:1036E0004FF0FF3304E0022302E0012300E0002357
:1036F0007B617868FFF7FCFB3861674A7B6952F8A9
:103700002330002B0ED1654A7B6952F82330002B01
:1037100008D17B68DB6819467868FFF7F5FB6FF026
:103720000303ACE07B689A683B69134003F00B032A
:10373000002B0AD07868FFF77DFB6FF008017868EE
:10374000FFF76AFB6FF0030399E0534A7B6952F875
:103750002330FB60FB68002B31D0FB68DB68002B5B
:103760002DD0FB681B681846FFF79CFBB860FB6810
:10377000DA68FB685B69D31ABA689A4205D9FB68B4
:10378000DA68FB685B69D31A00E0BB68BB60FB6862
:103790001868FB685A68FB685B691344BA68194685
:1037A000FFF770FBB860FB685A69BB681A44FB6896
:1037B0005A61FB681B6840211846FFF7A5FB374A92
:1037C0007B6952F82330FB60FB68002B06D0FB6856
:1037D0001B69002B02D0F868FFF7F2FB2F4A7B69C8
:1037E00052F823202C497B6951F823309A4217D193
:1037F000FB68002B12D0FB689A69FB681B699A4230
:103800000CD1FB685A69FB68DB689A4206D178687C
:10381000FFF710FB00217868FFF7FEFA00232EE087
:103820001E4A7B6952F82330FB60FB68002B0ED0E8
:10383000FB689A69FB681B699A4208D17868FFF7B0
:103840001EFF00217868FFF783FE002317E0124A6D
:103850007B6952F82330FB60FB68002B0ED0FB68BD
:103860005A69FB68DB689A4208D17868FFF7FAFE6C
:1038700000217868FFF726FE002300E000231846A9
:103880001837BD4680BD00BF002004400030044012
:103890000040044000140840240D0020340D002096
:1038A000F0B589B006AF114E6D4606F10C040FCC91
:1038B0000FC594E8030085E8030096E80E000C4865
:1038C00000F076F878607B68002B01D07B6808E018
:1038D000074800F00FF8064B1B68184600F03AF94D
:1038E000002318460C37BD46F0BD00BFF89000100D
:1038F000440D002080B483B000AF786000BF0C3767
:10390000BD465DF8047B704780B586B000AFF860B7
:103910007B600B46FB7213463B81FB681B7A002BD6
:1039200029D1FB7A5BB25B005BB243F001035BB26F
:10393000DAB2FB689A76FB685868FB6803F11A01F3
:103940003B8901339BB21A4600F096FF7861002351
:103950007B820BE07B8A5A1C7B8A79680B44F9686E
:103960000A44927E1A707B8A01337B827A8A3B8971
:103970009A42EFD316E0FB68586807F10B01002369
:10398000012200F061FD78617B69002B01D07B6929
:1039900009E0FB6858683B89DAB20123796800F0D6
:1039A0008AFD78617B6918461837BD4680BD0000E6
:1039B00084B080B586B000AF786007F1240080E85D
:1039C0000E0097F84530022B02D96FF01503B5E0D1
:1039D00000BF4FF49E71012002F074FD38613B6915
:1039E000002B02D16FF00B03A8E097F844203B694D
:1039F0001A723B691B7A002B0CD13B69043307F127
:103A000024021146184600F03DFE78617B69002BC8
:103A10000DD08FE03B69043307F1240211461846AC
:103A200000F030FC78617B69002B40F0828097F8D1
:103A300045203B691A7007F10B0301220021386908
:103A4000FFF762FF78617B69002B57D1FB7AAD2BC2
:103A500003D06FF015037B6157E007F10B030122E0
:103A600001213869FFF750FF78617B69002B47D14E
:103A7000FB7A1D2B03D06FF015037B6145E007F146
:103A80000B03012202213869FFF73EFF78617B6951
:103A9000002B37D13B691B781A462C4B9A5CFB7A7A
:103AA0009A4203D06FF015037B612EE0284B05226C
:103AB00050213869FFF728FF78617B69002B23D1FB
:103AC0004FF0FF33FB60FB689B07FB60FB689B0FBD
:103AD000FB60FB68DBB223F07E03DAB23B691A734A
:103AE0003B6960221A753B6901225A723B690122C7
:103AF0009A757B683A691A6000231FE000BF04E0F2
:103B000000BF02E000BF00E000BF3B691B7A002B52
:103B100005D13B695B68184600F054FE04E03B6940
:103B20005B68184600F038FC386902F0D9FC7B6904
:103B300004E000BF386902F0D3FC7B6918461837EF
:103B4000BD46BDE8804004B0704700BF1C91001026
:103B50004C0D002080B584B000AF78607B681B7A84
:103B6000002B06D17B685B68184600F02BFEF860DE
:103B700005E07B685B68184600F00EFCF86078682A
:103B800002F0AEFCFB6818461037BD4680BD80B51C
:103B900088B000AF78607B68FB61FB695B689B68FD
:103BA00007F110021146184602F06BFFB861BB69BD
:103BB000002B08D0FB691A68FB695B681946104640
:103BC00000F0D1FA3FE0FB695B689B6807F11402E3
:103BD0001146184602F0CEFEFB695B689B6807F150
:103BE0000C021146184602F0CAFD3B691B69002B06
:103BF00006D03B691B69386979693A695269984707
:103C0000FB68002B0ED1FB691B681A69FB695B68B6
:103C1000DB681946104600F0EFFCFB695B68012287
:103C20001A7110E0FB691B68DB681B69FA6952684E
:103C3000796910469847FB691A68FB695B68194601
:103C4000104600F054FA2037BD4680BD80B586B0DE
:103C500000AF786039603B68002B03D03B689B68FD
:103C6000002B02D16FF015037FE03B689B681B6857
:103C7000002B02D16FF0570377E007F108031846D5
:103C800003F038F8BB68184603F03EF83B689B68C1
:103C90001B6839687868984778617B69002B5ED12A
:103CA0007B681B681C33184603F024F87B681B688C
:103CB0003A689268DA6000233B6122E07B681B6807
:103CC00099683A691346DB009B1ADB000B44083302
:103CD00000220121184602F0E3FC78617B69002B89
:103CE0001FD17B681B6899683A691346DB009B1AF1
:103CF000DB000B443033184602F0FCFF3B69013314
:103D00003B613B685B683A699A42D7D37B681B6822
:103D10009A6901329A61BB68184602F0FFFF0023DE
:103D200023E000BF0023FB600FE07B681B689968FD
:103D30003A691346DB009B1ADB000B449B6818466C
:103D400002F0F2FCFB680133FB60FA683B699A42BF
:103D5000EBD37B681B68184600F00BF800E000BF4F
:103D6000BB68184602F0DAFF7B6918461837BD4673
:103D700080BD90B585B000AF78607B68002B02D124
:103D80006FF015036BE07B689B69002B01D100236A
:103D900065E00023FB6047E07B689968FA6813469A
:103DA000DB009B1ADB000B449B68184602F0BCFC4E
:103DB000B860BB68002B01D0BB6850E07B68996895
:103DC000FA681346DB009B1ADB000B441B6B18469A
:103DD00002F0AEFF7B681B69002B22D07B689968DC
:103DE000FA681346DB009B1ADB000B44DB69002BEF
:103DF00017D07B6818697B689968FA681346DB00FE
:103E00009B1ADB000B44DC687B689968FA681346F0
:103E1000DB009B1ADB000B4410331A46214600F0EE
:103E2000A5FBFB680133FB607B685B68FA689A421C
:103E3000B2D37B68DB69184602F07AFF7B68DB68E7
:103E40005B6878689847B860BB68002B01D0BB6896
:103E500005E07B689B695A1E7B689A6100231846BF
:103E60001437BD4690BD80B584B000AF786039602E
:103E70007B68002B03D07B68DB68002B02D16FF0DE
:103E800015032AE07B68DB689B68002B02D16FF08A
:103E9000570322E07B68DB69184602F035FF7B6838
:103EA000DB689B6807F10802114678689847F8605C
:103EB000FB68002B0AD17B689968BA681346DB005F
:103EC0009B1ADB00CA183B681A6000E000BF7B68E1
:103ED000DB69184602F022FFFB6818461037BD4622
:103EE00080BD80B584B000AF786039607B68002BFE
:103EF00006D07B68DB68002B02D03B68002B02D128
:103F00006FF015031BE07B68DB68DB68002B02D1D8
:103F10006FF0570313E03B681B6B184602F0F4FE8A
:103F20007B68DB68DB683A681268114678689847F6
:103F3000F8603B681B6B184602F0F0FEFB68184601
:103F40001037BD4680BD000080B588B000AFF86076
:103F5000B9607A603B60FB68002B08D0BB68002B1F
:103F600005D07B68002B02D03B68002B02D16FF09C
:103F7000150399E03B681B6B184602F0C5FE002351
:103F8000FB610FE03B689868FA691346DB00134455
:103F90009B001A46BB681344194602F041FCFB69BA
:103FA0000133FB61FA697B689A42EBD3FB681B69BA
:103FB000002B57D03B6810337B613B6803F1200234
:103FC0007B695A603B681B681A467B69DA60BB688C
:103FD0001A7F7B695A723B68FA681A623B683A68D2
:103FE0005A62BB681B7B012B02DC002B03DA0AE060
:103FF000022B04D007E07B690B221A7207E07B6971
:1040000009221A7203E06FF01503BB6134E0FB680C
:10401000DB681B69B96838689847B861BB69002BD1
:1040200027D1FB681B6A002B04D0FB681A6A7B69E6
:104030001A6002E07B691E4A1A60FB6818693B68D7
:10404000DB687A69194600F06DFAB861BB69002B2C
:1040500011D1FB6818693B68D968BB689B691A462F
:1040600000F0ECFA3B681B6B184602F057FE002389
:104070001AE000BF00E000BF0023FB610AE03B68DC
:104080009B6807F110021146184602F0FAFCFB6922
:104090000133FB61FA697B689A42F0D33B681B6B82
:1040A000184602F03BFEBB6918462037BD4680BD6E
:1040B0008F3B001080B582B000AF78607B681B6BCF
:1040C000184602F021FE7B68002B02D16FF0150329
:1040D00009E07B68002283F834207B681B6B18465C
:1040E00002F01CFE002318460837BD4680BD80B58F
:1040F00084B000AF786039607B68002B06D07B68A5
:10410000DB68002B02D03B68002B02D16FF0150357
:1041100025E07B68DB685B69002B02D16FF05703F9
:104120001DE03B681B6B184602F0EEFD7B681B69C7
:10413000002B07D07B681A693B68DB68194610467C
:1041400000F038FA7B68DB685B6939687868984703
:10415000F8603B681B6B184602F0E0FDFB681846F0
:104160001037BD4680BD80B584B000AF786039603F
:104170007B68002B06D07B68DB68002B02D03B6895
:10418000002B02D16FF0150331E07B68DB689B697F
:10419000002B02D16FF0570329E03B681B6B1846D8
:1041A00002F0B2FD7B681B69002B07D07B681A699F
:1041B0003B68DB681946104600F01EFA3B689B68B6
:1041C00007F108021146184602F05BFCF860FB6834
:1041D000002BF3D07B68DB689B6939687868984767
:1041E000F8603B681B6B184602F098FDFB681846A8
:1041F0001037BD4680BD80B483B000AF78603960B1
:104200003B68002B01D1012301E03B681B79184674
:104210000C37BD465DF8047B704780B584B000AFB5
:10422000786039607B68002B06D07B68DB68002BE8
:1042300002D03B68002B01D101231EE07B68DB68C4
:104240001B6A002B01D1012317E03B681B6B18464A
:1042500002F05AFD7B68DB681B6A3968786898470A
:104260000346FB603B681B6B184602F057FDFB687A
:10427000002B14BF01230023DBB218461037BD46C4
:1042800080BD000080B584B000AF786039603B68C5
:10429000002B03D03B68DB68002B02D16FF01503C5
:1042A0003FE03B68DB681B68002B02D16FF05703CF
:1042B00037E03B681B68042B02D96FF0150330E030
:1042C0003B681B68194A52F82330002B08D1386824
:1042D00000F02EF8F860FB68002B01D0FB6820E0AE
:1042E0003B68DB681B68396878689847F860FB684A
:1042F000002B01D0FB6814E03B681A687B681B68E0
:104300000A4951F822201A607B681B681B681A79D9
:104310000132D2B21A717B681B683A68D2681A619E
:10432000002318461037BD4680BD00BF540D002045
:1043300080B584B000AF78601821012002F0C2F887
:10434000F860FB68002B02D16FF00B031DE0FB68E7
:10435000184602F0CFFCFB6800221A717B681A68CD
:10436000FB689A607B685A68FB68DA607B68DA6889
:10437000FB681A617B681A69FB685A617B681B6875
:104380000449FA6841F82320002318461037BD4637
:1043900080BD00BF540D002080B582B000AF7860B2
:1043A0007B68002B03D07B681B69002B02D16FF068
:1043B000150317E07B681B68002B05D07B681B6822
:1043C0009B68184600F012F87B681B69DB68002BBD
:1043D00002D16FF0570305E07B681B69DB687868E2
:1043E0009847034618460837BD4680BD80B584B05F
:1043F00000AF7860134A7B6852F82330FB60FB689B
:104400001B79002B05D0FB681B79013BDAB2FB68F6
:104410001A71FB681B79002B0FD1FB681B681846CB
:1044200002F086FCFB68002B07D0F86802F058F811
:10443000044A7B68002142F8231000BF1037BD46B4
:1044400080BD00BF540D002090B587B000AFF8606C
:10445000B96011461A460B46FB711346BB71FB68E7
:10446000002B03D0FB681B69002B02D16FF01503F2
:104470001DE0FB681B695B68002B02D16FF05703DE
:1044800015E0FB681B681B68184602F03DFCFB68E2
:104490001B695C68BB79FA79B968F868A0477861EC
:1044A000FB681B681B68184602F038FC7B691846DD
:1044B0001C37BD4690BD90B587B000AFF860B960BD
:1044C00011461A460B46FB711346BB71FB68002B65
:1044D00003D0FB681B69002B02D16FF015031DE0B0
:1044E000FB681B699B68002B02D16FF0570315E036
:1044F000FB681B681B68184602F006FCFB681B691A
:104500009C68BB79FA79B968F868A0477861FB685C
:104510001B681B68184602F001FC7B6918461C37B3
:10452000BD4690BD80B584B000AFF860B9607A60D8
:10453000FB68002B03D0FB685B68002B02D16FF097
:1045400015030FE0FB685B685B68002B02D16FF01E
:10455000570307E0FB685B685B687A68B968F868CE
:104560009847034618461037BD4680BD80B584B0D5
:1045700000AFF860B9607A60FB68002B03D0FB687D
:104580005B68002B02D16FF015030FE0FB685B68DE
:104590009B68002B02D16FF0570307E0FB685B6854
:1045A0009B687A68B968F8689847034618461037D8
:1045B000BD4680BD80B582B000AF786039607B6851
:1045C000002B03D07B685B68002B02D16FF01503D2
:1045D0000EE07B685B689B69002B02D16FF057038C
:1045E00006E07B685B689B69396878689847034692
:1045F00018460837BD4680BD80B582B000AF7860F0
:1046000039607B68002B03D07B685B68002B02D18C
:104610006FF015030EE07B685B68DB69002B02D14D
:104620006FF0570306E07B685B68DB693968786880
:104630009847034618460837BD4680BD80B584B00C
:1046400000AFF860B9607A60FB68002B03D0FB68AC
:104650005B68002B02D16FF015030FE0FB685B680D
:104660001B6A002B02D16FF0570307E0FB685B6801
:104670001B6A7A68B968F868984703461846103785
:10468000BD4680BD80B584B000AF786039603B68BE
:10469000002B03D03B68DB68002B02D16FF01503C1
:1046A0004DE03B68DB681B68002B02D16FF05703BD
:1046B00045E03B681B68082B02D96FF015033EE00C
:1046C0003B681B68204A52F82330002B08D1386819
:1046D00000F03CF8F860FB68002B01D0FB682EE08E
:1046E0003B68DB681B68396878689847F860FB6846
:1046F000002B01D0FB6822E03B681A687B681B68CE
:10470000114951F822201A607B681B681B681A79CE
:104710000132D2B21A717B681B683A68D2681A619A
:104720007B681B683A68D2691A627B681B683A68C2
:104730001433103292E8030083E803000023184684
:104740001037BD4680BD00BF680D002080B584B025
:1047500000AF78601C21012001F0B4FEF860FB6816
:10476000002B02D16FF00B0325E0FB68184602F026
:10477000C1FAFB6800221A717B681A68FB689A60AC
:104780007B685A68FB68DA607B685A7AFB681A743F
:104790007B689A7AFB685A747B68DA68FB685A61AE
:1047A0007B689A69FB689A617B681B680449FA68B0
:1047B00041F82320002318461037BD4680BD00BFB6
:1047C000680D002080B582B000AF78607B68002B58
:1047D00003D07B681B69002B02D16FF0150317E033
:1047E0007B681B68002B05D07B681B689B6818469C
:1047F00000F012F87B681B695B69002B02D16FF037
:10480000570305E07B681B695B6978689847034636
:1048100018460837BD4680BD80B584B000AF7860CB
:10482000144A7B6852F82330FB60FB681B79002B2D
:1048300005D0FB681B79013BDAB2FB681A71FB6893
:104840001B79002B11D1FB681B68184602F070FA27
:10485000FB68002B09D0F86801F042FE0023FB60E2
:10486000044A7B68002142F8231000BF1037BD4680
:1048700080BD00BF680D002080B586B000AFF86035
:10488000B9601346FB80FB68002B03D0FB681B69F3
:10489000002B02D16FF015031CE0FB681B695B68FD
:1048A000002B02D16FF0570314E0FB681B681B68F4
:1048B000184602F029FAFB681B695B68FA88B96838
:1048C000F86898477861FB681B681B68184602F017
:1048D00025FA7B6918461837BD4680BD80B586B07D
:1048E00000AFF860B9607A60FB68002B06D0FB6807
:1048F0005B69002B02D0BB68002B02D16FF015035F
:104900001AE0FB685B695B68002B02D16FF057030C
:1049100012E0FB681B68184602F0F6F9FB685B6959
:104920005B687A68B968F86898477861FB681B68C3
:10493000184602F0F3F97B6918461837BD4680BD6A
:1049400080B586B000AFF860B9607A60FB68002B74
:1049500006D0FB685B69002B02D0BB68002B02D13C
:104960006FF015031AE0FB685B699B68002B02D1AE
:104970006FF0570312E0FB681B68184602F0C4F999
:10498000FB685B699B687A68B968F86898477861E2
:10499000FB681B68184602F0C1F97B691846183796
:1049A000BD4680BDB0B500AFFDF766FE054BD3E94F
:1049B0000023541C43F10005024BC3E9004500BF2E
:1049C000B0BD00BF900D002080B582B000AF786010
:1049D0007868FDF743FF00BF0837BD4680BD80B54E
:1049E00082B000AF78607B684FF47A7202FB03F309
:1049F0001846FDF733FF00BF0837BD4680BD80B5C0
:104A000000AF0020FCF76EF800BF80BD80B500AF9E
:104A10000120FCF767F800BF80BD80B500AF022021
:104A2000FCF760F800BF80BD80B500AF0320FCF745
:104A300059F800BF80BD000080B500AF0248FCF708
:104A400043FA00BF80BD00BF00D0014080B500AF79
:104A50000248FCF739FA00BF80BD00BF00E001400A
:104A600080B500AF0248FCF72FFA00BF80BD00BF41
:104A700000F0014080B483B000AF03463960FB71A1
:104A800097F90730002B0BDA3B68DAB20C49FB7957
:104A900003F00F03043B5201D2B20B441A7609E033
:104AA0003B68DAB2074997F907305201D2B20B449A
:104AB00083F8002300BF0C37BD465DF8047B7047C8
:104AC00000ED00E000E100E080B582B000AF78606A
:104AD0007B68013BB3F1807F01D301230FE00A4AD9
:104AE0007B68013B536007214FF0FF30FFF7C2FFA7
:104AF000054B00229A60044B07221A6000231846D7
:104B00000837BD4680BD00BF10E000E080B500AFB3
:104B1000074B1B68074AA2FB03239B091846FFF7B4
:104B2000D3FF0120FDF79AFE0346184680BD00BF63
:104B3000E0050020D34D621080B500AFFFF7E6FF1F
:104B40000346184680BD80B483B000AF78603960FA
:104B50003B68002B4CD03B68012B47D03B68022BB5
:104B600042D03B68032B3DD03B68042B38D03B68D8
:104B7000052B33D03B68062B2ED03B68072B29D062
:104B80003B68082B24D03B68092B1FD03B680A2BBD
:104B90001AD03B680B2B15D03B680C2B10D03B6810
:104BA0000D2B0BD03B680E2B06D03B680F2B01D191
:104BB0004F231EE000231CE04E231AE04D2318E093
:104BC0004C2316E04B2314E04A2312E0492310E063
:104BD00048230EE047230CE046230AE0452308E083
:104BE000442306E01F2304E01E2302E01D2300E00F
:104BF0001C2318460C37BD465DF8047B7047000047
:104C000080B58AB000AF786007F1100300221A6007
:104C10005A609A60DA607B68404A93425BD07B6856
:104C20003E4A934203D07B683D4A934251D07B6811
:104C30003A4A934207D07B68394A934203D07B6853
:104C4000384A934243D07B68344A93420BD07B6806
:104C5000334A934207D07B68324A934203D07B6841
:104C6000314A934231D07B682C4A93420FD07B6803
:104C70002B4A93420BD07B682A4A934207D07B6829
:104C8000294A934203D07B68284A93421BD07B6811
:104C9000224A934215D07B68214A934211D07B6807
:104CA000204A93420DD07B681F4A934209D07B680B
:104CB0001E4A934205D07B681D4A934201D10A23C4
:104CC0000AE0002308E0092306E0082304E00723A4
:104CD00002E0062300E005233B61164B7B627B6A02
:104CE0005B6807F1100207F10C01184601F090FE15
:104CF00038623B6A002B0DD1FB689B68002B05D006
:104D0000FB689B68FA68D268104698477868FEF797
:104D100033F800E000BF2837BD4680BD00000140E9
:104D2000001001400020014000300140000C08400C
:104D3000001008403800002080B584B000AF7860D3
:104D40007B681B4A934214D07B681A4A93420ED068
:104D50007B68194A934208D07B68184A934201D174
:104D6000032307E04FF0FF3304E0022302E00123B6
:104D700000E000235B01124A1344FB607868FEF7F1
:104D8000F9F8FB681B68002B0ED0FB689B69002BB1
:104D900003D1FB681B69002B03D1FB68DB68002B88
:104DA00002D0F868FEF7DAF800BF1037BD4680BDC4
:104DB000002004400030044000400440001408403B
:104DC000C00D002080B500AF0248FFF7B5FF00BF5F
:104DD00080BD00BF0020044080B500AF0248FFF74F
:104DE000ABFF00BF80BD00BF0030044080B500AF06
:104DF0000248FFF7A1FF00BF80BD00BF0040044094
:104E000080B500AF0248FFF797FF00BF80BD00BF2D
:104E10000014084080B500AF0248FFF7F1FE00BF64
:104E200080BD00BF0000014080B500AF0248FFF721
:104E3000E7FE00BF80BD00BF0010014080B500AF9D
:104E40000248FFF7DDFE00BF80BD00BF002001402B
:104E500080B58CB000AF78602D4BFB622D4BBB62F0
:104E600007F10C0300221A605A609A60DA607968D0
:104E70000020FFF768FE0346FB60274A7B68083383
:104E80005B01134404331B68234943F004027B682D
:104E900008335B010B4404331A60FB6A5B68002B28
:104EA00016D0FB6A5B6807F10C0207F12001184677
:104EB00001F0AEFD78627B6A002B09D13B6A9B68EA
:104EC000002B05D03B6A9B683A6AD2681046984727
:104ED000BB6A5B68002B16D0BB6A5B6807F10C02EB
:104EE00007F11C01184601F093FD78627B6A002BE4
:104EF00009D1FB699B68002B05D0FB699B68FA69A7
:104F0000D2681046984700BF3037BD4680BD00BF0D
:104F100050000020600000200080024080B500AFFB
:104F20000020FFF795FF00BF80BD80B500AF0120D6
:104F3000FFF78EFF00BF80BD80B500AF0220FFF7F6
:104F400087FF00BF80BD80B500AF0320FFF780FF63
:104F500000BF80BD80B500AF0420FFF779FF00BF20
:104F600080BD80B500AF0520FFF772FF00BF80BD98
:104F700080B500AF0620FFF76BFF00BF80BD80B596
:104F800000AF0720FFF764FF00BF80BD80B500AF12
:104F90000820FFF75DFF00BF80BD80B500AF09208E
:104FA000FFF756FF00BF80BD80B500AF0A20FFF7B6
:104FB0004FFF00BF80BD80B500AF0B20FFF748FF5B
:104FC00000BF80BD80B500AF0C20FFF741FF00BFE0
:104FD00080BD80B500AF0D20FFF73AFF00BF80BD58
:104FE00080B500AF0E20FFF733FF00BF80BD80B556
:104FF00000AF0F20FFF72CFF00BF80BD80B584B04D
:1050000000AFFCF7F5FB0346FB60124BBB60FB688F
:1050100003F04003002B19D04020FCF7F3FBBB68E2
:105020005B683A461146184601F0A4FC78607B683C
:10503000002B0ADB3B689B68002B07D03B689B6812
:105040003A68D2681046984700E000BF1037BD4666
:1050500080BD00BF2800002080B588B000AF07F1F8
:10506000080300221A605A609A60DA600223BB606B
:105070000E4BFB61FB695B6807F10802391D18469E
:1050800001F0C6FCB861BB69002B0AD17B689B6844
:10509000002B07D07B689B687A68D26810469847D7
:1050A00000E000BF2037BD4680BD00BF6800002083
:1050B00080B588B000AFF860B9607A607B68FB614A
:1050C000FB691B68DB69BB61FB691B685B68002BC4
:1050D0001DD0FB691B685B68012B16D0FB691B6840
:1050E0005B68022B0FD0FB691B685B68032B08D041
:1050F000FB691B685B68042B01D1354B08E000237A
:1051000006E0344B04E0344B02E0344B00E0344B17
:105110007B6100BFBB69DA68FB699B681946104672
:10512000FFF77BF80346002B0AD0BB69DA68FB69FE
:105130005B6819461046FFF770F80346002BE9D16B
:1051400000BF7B691B6B03F00103002BF9D1BB6827
:10515000002B21D1FB695B69002B05D0FB695B69E2
:10516000FA69926910469847FB695B681846FEF732
:10517000A1FFFB699B681846FEF79CFFFB69DB6893
:10518000184601F0ADF9FB691B69184601F0A8F952
:10519000F86901F0A5F918E07B699A68BB689B681B
:1051A0001A437B699A60BB689B6819460D4801F0F9
:1051B000E7FD02467B699B681A437B699A607B69BD
:1051C0005B6843F020027B695A602037BD4680BD92
:1051D00000E40B4000E00B400080044000700440FD
:1051E000006004400000FFFF80B485B000AF78602D
:1051F0007B68DB69FB607B685B68042B2FD801A2AE
:1052000052F823F0195200102752001035520010A6
:105210004352001051520010FB6821225A61FB6872
:1052200001221A611CE0FB6822225A61FB680222FB
:105230001A6115E0FB6823225A61FB6803221A6198
:105240000EE0FB682F225A61FB680F221A6107E00B
:10525000FB6830225A61FB6810221A6100E000BF2F
:105260001437BD465DF8047B704700BF80B58AB037
:1052700000AF78607B68DB697B627B685B68042BCE
:1052800000F2D58001A252F823F000BFA152001015
:10529000DF5200103353001087530010DB5300100F
:1052A000704A07F1180307CA83E807007B681B7B75
:1052B000002B02D0012B07D00DE06B4A07F10C0345
:1052C00007CA83E8070009E0684A07F10C0307CA28
:1052D00083E8070002E06FF01503BFE0AAE0644A2C
:1052E00007F1180307CA83E807007B681B7B022BC2
:1052F00014D0022B19DC002B02D0012B07D014E0B4
:105300005C4A07F10C0307CA83E8070010E05A4A19
:1053100007F10C0307CA83E8070009E0574A07F1C1
:105320000C0307CA83E8070002E06FF0150395E05D
:1053300080E0534A07F1180307CA83E807007B6837
:105340001B7B022B14D0022B19DC002B02D0012B6B
:1053500007D014E04B4A07F10C0307CA83E80700A3
:1053600010E0494A07F10C0307CA83E8070009E087
:10537000464A07F10C0307CA83E8070002E06FF012
:1053800015036BE056E0424A07F1180307CA83E8A9
:1053900007007B681B7B022B14D0022B19DC002B2F
:1053A00002D0012B07D014E03A4A07F10C0307CAD8
:1053B00083E8070010E0384A07F10C0307CA83E8C6
:1053C000070009E0354A07F10C0307CA83E8070024
:1053D00002E06FF0150341E02CE0314A07F11803B9
:1053E00007CA83E807007B681B7B022B14D0022BC3
:1053F00019DC002B02D0012B07D014E0294A07F159
:105400000C0307CA83E8070010E0274A07F10C03E2
:1054100007CA83E8070009E0244A07F10C0307CA1A
:1054200083E8070002E06FF0150317E002E06FF079
:10543000150313E07B6A1B685B7987F822307B6A6F
:105440001B685B79BB7507F118031846FBF740F939
:1054500007F10C031846FBF73BF9002318462837E1
:10546000BD4680BD009000100C90001018900010F8
:1054700024900010309000103C90001048900010D4
:1054800054900010609000106C9000107890001004
:1054900084900010909000109C900010A890001034
:1054A000B4900010C0900010CC900010D890001064
:1054B00080B58AB000AF786039607B68DB693B6299
:1054C0003B685B694FF47A7203FB02F27B685B69AD
:1054D0001344FB613B689B694FF47A7203FB02F251
:1054E0007B689B691344BB613B6A5B68FA699A42BB
:1054F00005D13B6A9B68BA699A4200F08A807B6852
:105500005B68002B19D07B685B68012B13D07B682C
:105510005B68022B0DD07B685B68032B07D07B6830
:105520005B68042B01D13D4B08E0002306E03C4BB7
:1055300004E03C4B02E03C4B00E03C4B7B617B6970
:105540001B693B617869FCF739FB0346FB60FB682C
:105550005A08374B1344FA68B3FBF2F3BB603B6A5B
:105560005B68FA699A4221D0FB69002B02D10123C2
:105570007B6204E0FA69BB68B2FBF3F37B627B6A8F
:10558000FF2B03D92B4801F059FF3EE07B691B69D3
:1055900023F0FF027B691A61796AFF2001F0F0FBBA
:1055A00002467B691B691A437B691A613B6A9B68E7
:1055B000BA699A4222D0BB69002B02D101237B62D7
:1055C00004E0BA69BB68B2FBF3F37B627B6AFF2B32
:1055D00003D9194801F032FF17E07B691B6923F4F6
:1055E0007F427B691A61796A4FF47F4001F0C8FB02
:1055F00002467B691B691A437B691A613B6AFA6937
:105600005A603B6ABA699A6004E07B693A691A6138
:1056100000E000BF2837BD4680BD00BF00E40B405E
:1056200000E00B4000800440007004400060044033
:1056300000CA9A3B209100104C910010F0B58FB039
:1056400006AF78607B68DB69BB61BB691B687B6107
:1056500007F1080300221A605A601A817B681B7BDD
:10566000002B0CBF01230023DBB23B727B681B7B4A
:10567000012B0CBF01230023DBB27B727B681B7BF9
:10568000022B0CBF01230023DBB2BB727B685B687B
:10569000002B19D07B685B68012B13D07B685B689B
:1056A000022B0DD07B685B68032B07D07B685B689F
:1056B000042B01D16E4C08E0002406E06D4C04E0A0
:1056C0006D4C02E06D4C00E06D4C7B691B689C46A4
:1056D0007B691D797B689E6802AB07F1080207CAE7
:1056E00003C31A80019600956346002201212046DB
:1056F000FCF7BCF8F861FB69002B03D06FF01503D1
:10570000FB618DE07868FFF7B1FDF861FB69002B64
:1057100001D0FB69A7E07B685B68002B19D07B6830
:105720005B68012B13D07B685B68022B0DD07B6814
:105730005B68032B07D07B685B68042B01D14C4B63
:1057400008E0002306E04B4B04E04B4B02E04B4BE0
:1057500000E04B4B7A68527B11461846FCF708FB79
:10576000F861FB69002B03D06FF01503FB6157E074
:105770007B685B68002B19D07B685B68012B13D0BA
:105780007B685B68022B0DD07B685B68032B07D0BE
:105790007B685B68042B01D1354B08E0002306E0F1
:1057A000344B04E0344B02E0344B00E0344B012135
:1057B0001846FCF7CDFAF861FB69002B03D06FF0B7
:1057C0001503FB612CE07B685B68002B19D07B68BC
:1057D0005B68012B13D07B685B68022B0DD07B6864
:1057E0005B68032B07D07B685B68042B01D1204BDF
:1057F00008E0002306E01F4B04E01F4B02E01F4BB4
:1058000000E01F4B08211846FCF788FAF861FB6995
:10581000002B03D06FF01503FB6101E0002322E0B1
:105820007B685B68002B19D07B685B68012B13D009
:105830007B685B68022B0DD07B685B68032B07D00D
:105840007B685B68042B01D1094B08E0002306E06C
:10585000084B04E0084B02E0084B00E0084B1846F8
:10586000FCF74AF9FB6918462437BD46F0BD00BF76
:1058700000E40B4000E00B40008004400070044056
:105880000060044080B586B000AF786039603B6846
:10589000002B03D03B689B69002B02D16FF01503EE
:1058A00072E02421012000F00DFE38613B69002BDD
:1058B00002D16FF00B0367E01821012000F002FE17
:1058C000F860FB68002B03D16FF00B037B6154E0A1
:1058D0003B689B69BB603B681A683B695A603B68E0
:1058E0005A683B699A603B681A7A3B691A733B684D
:1058F0005A7A3B695A733B689A7A3B699A73FB6898
:10590000BA681A603B69FA68DA613B695B68042B24
:1059100003D96FF015037B612FE03869FFF78EFE26
:1059200078617B69002B25D1BB689B68002B19D05F
:10593000BB68DA68BB681B699A4203D36FF0150332
:105940007B611AE0FB6803F10C02BB689B68194697
:105950001046FEF77BF978617B69002B0CD1386922
:10596000FFF742FC0220FFF73AF87B683A691A60B9
:10597000002309E000BF00E000BFF86800F0B0FDC0
:10598000386900F0ADFD7B6918461837BD4680BD0B
:1059900080B582B000AF78607B68002B02D16FF0D9
:1059A00015032AE07B685B68002B19D07B685B6875
:1059B000012B13D07B685B68022B0DD07B685B6882
:1059C000032B07D07B685B68042B01D10D4B08E0EB
:1059D000002306E00C4B04E00C4B02E00C4B00E013
:1059E0000C4B1846FCF788F87B68DB69184600F01A
:1059F00077FD786800F074FD002318460837BD462F
:105A000080BD00BF00E40B4000E00B40008004407C
:105A1000007004400060044080B58EB000AFF860B4
:105A2000B9607A603B60FB685B68002B19D0FB684B
:105A30005B68012B13D0FB685B68022B0DD0FB6801
:105A40005B68032B07D0FB685B68042B01D16C4BB0
:105A500008E0002306E06B4B04E06B4B02E06B4B6D
:105A600000E06B4BFB62FB68DB69BB6200237B637E
:105A7000FB681B7B7B62FB685B68664A52F82330DD
:105A80007A6A9A420ED0F868FFF7D8FD38633B6B0C
:105A9000002B01D03B6B17E2FB685B685D497A6ABB
:105AA00041F82320FB6A5B6823F47022FB6A5A608A
:105AB000FB681B7B1A460123934019464FF4702064
:105AC00001F05EF90246FB6A5B681A43FB6A5A60A2
:105AD0002421786800F0F6FC38623B6A002B02D182
:105AE0006FF00B03F0E12421786800F0EBFCF86123
:105AF000FB69002B03D16FF00B033B63E0E11C213A
:105B0000012000F0DFFCB861BB69002B03D16FF00E
:105B10000B033B63D1E1FB6ADB6943F08012FB6A54
:105B2000DA61FB6A1B6A43F40062FB6A1A62BB68B3
:105B30001B7B002B06D0FB6A5B6823F48072FB6A38
:105B40005A6005E0FB6A5B6843F48072FB6A5A6046
:105B5000BB689A68FB6A9A60FB6ADB6943F04002A3
:105B6000FB6ADA61BB689B6819462B4801F008F9AB
:105B70000246FB6A9B681A43FB6A9A60FB6ADB6910
:105B800043F48002FB6ADA61FB6ADB6943F080223E
:105B9000FB6ADA61BB6ADB6807F11402114618463A
:105BA000FEF761F938633B6B002B40F08281BB6AE2
:105BB000DB6807F1100211461846FEF754F9386306
:105BC0003B6B002B40F06C81BB69FA681A603A6944
:105BD000BB699A607A69BB695A60BB69FA69DA6025
:105BE000BB693A6A1A6197F84430002B05D0BB694B
:105BF0003A685A61BB693A6C9A6100237B63C4E0DE
:105C000000E40B4000E00B400080044000700440C2
:105C100000600440980D00200000FFFF7A6B1346DF
:105C2000DB009B1A9B001A46BB6899187A6B1346D7
:105C3000DB0013449B001A46FB6913440A681A6090
:105C4000BB6A59697A6B1346DB0013449B001A4602
:105C5000FB6913440A465A607A6B1346DB009B1AB1
:105C60009B001A46BB6899187A6B1346DB001344F5
:105C70009B001A46FB6913448A689A607A6B134644
:105C8000DB0013449B001A46FB69134408221A7771
:105C90007A6B1346DB0013449B001A46FB691344DE
:105CA0008B4A1A617A6B1346DB0013449B001A4639
:105CB000FB691344BA695A617A6B1346DB001344DB
:105CC0009B001A46FB69134401221A73BB6A1968C8
:105CD0007A6B1346DB0013449B001A46FB6913449E
:105CE0000A699A617A6B1346DB009B1A9B001A467D
:105CF000BB6899187A6B1346DB0013449B001A4665
:105D00003B6A13444A685A60BB6A19697A6B134646
:105D1000DB0013449B001A463B6A13440A461A6090
:105D20007A6B1346DB009B1A9B001A46BB689918D6
:105D30007A6B1346DB0013449B001A463B6A1344FC
:105D40008A689A607A6B1346DB0013449B001A46FC
:105D50003B6A134408221A777A6B1346DB0013441C
:105D60009B001A463B6A134402221A73BB6A1968E5
:105D70007A6B1346DB0013449B001A463B6A1344BC
:105D8000CA689A617B6B01337B637A6B7B689A424A
:105D9000FFF444AFBB6AD8687B697A68F969FEF79B
:105DA000D3F838633B6B002B71D1BB6AD8683B6971
:105DB0007A68396AFEF7C8F838633B6B002B52D11A
:105DC000FB6A5B6843F02002FB6A5A60BB6ADB68CF
:105DD0003A6911461846FEF78AF938633B6B002B87
:105DE00043D1BB6ADB687A6911461846FEF77FF932
:105DF00038633B6B002B3AD197F8443083F00103B2
:105E0000DBB2002B2DD000BFBB6ADB683A691146BC
:105E10001846FEF7F0F9034683F00103DBB2002BCE
:105E2000F2D1BB6ADB687A6911461846FEF7E3F9DE
:105E3000034683F00103DBB2002BE5D100BFFB6A10
:105E40001B6B03F00103002BF9D1FB6A5B6823F0A5
:105E50002002FB6A5A60FB6ADB6923F04012FB6A8E
:105E6000DA61002330E000BF02E000BF00E000BFC5
:105E7000BB6ADB687A6911461846FEF774F9BB6A9B
:105E8000DB683A6911461846FEF76DF900E000BF7D
:105E9000BB6ADB683A6911461846FEF722F800E053
:105EA00000BFBB6ADB687A6911461846FEF719F82D
:105EB00000E000BFB86900F013FBF86900F010FBC8
:105EC000386A00F00DFB3B6B18463837BD4680BD85
:105ED000B150001080B586B002AFF860B9607A604A
:105EE000002301930023009300237A68B968F868BF
:105EF000FFF792FD034618461037BD4680BD80B5BA
:105F000086B002AFF860B9607A603B60012301930C
:105F1000BB6900933B687A68B968F868FFF77CFD55
:105F2000034618461037BD4680BD000080B58CB0D2
:105F300000AFF860B9607A60FB685B68002B19D02D
:105F4000FB685B68012B13D0FB685B68022B0DD0EC
:105F5000FB685B68032B07D0FB685B68042B01D1EF
:105F6000804B08E0002306E07F4B04E07F4B02E01B
:105F70007F4B00E07F4BFB61012387F82730012333
:105F800087F8263000233B62FB68002B02D0BB68F9
:105F9000002B02D16FF01503B4E1FB681B7BBB61E2
:105FA000FB685B68744A52F82330BA699A420ED093
:105FB000F868FFF743FB78617B69002B01D07B69B0
:105FC000A0E1FB685B686C49BA6941F82320FB6972
:105FD0005B6823F47022FB695A60FB681B7B1A46DE
:105FE0000123934019464FF4702000F0C9FE024689
:105FF000FB695B681A43FB695A6000233B627BE1E3
:10600000FB69DB6943F08012FB69DA61FB691B6A9B
:1060100043F40062FB691A62FB6900229A60002364
:10602000BB620023FB623A6A1346DB009B1A9B00AB
:106030001A46BB6813441B7B002B06D0FB695B68C8
:1060400023F48072FB695A6005E0FB695B6843F4E6
:106050008072FB695A603A6A1346DB009B1A9B0008
:106060001A46BB6813441946F868FFF721FA3A6AE2
:106070001346DB009B1A9B001A46BB6813441B683F
:10608000002B41D03A6A1346DB009B1A9B001A464C
:10609000BB6813449A68FB699A60002387F826302E
:1060A000FB69DB6943F04002FB69DA613A6A134637
:1060B000DB009B1A9B001A46BB6813441A68FB6AF4
:1060C000D1183A6A1346DB009B1A9B001A46BB683C
:1060D00013449A68FB6AD31A1A46F869FBF774FEF0
:1060E0000246FB6A1344FB623A6A1346DB009B1AC2
:1060F0009B001A46BB6813449B68FA6A9A420CBF1D
:106100000123002387F826303A6A1346DB009B1AE6
:106110009B001A46BB6813445B68002B1BD03A6A8D
:106120001346DB009B1A9B001A46BB6813449B680E
:106130001946124800F024FE0246FB699B681A4388
:10614000FB699A60FB69DB6943F48002FB69DA61F1
:10615000002387F82730FB695B6843F02002FB6966
:106160005A6097E000E40B4000E00B4000800440E0
:106170000070044000600440AC0D00200000FFFFF0
:106180003A6A1346DB009B1A9B001A46BB6813440D
:106190001B68002B39D03A6A1346DB009B1A9B0020
:1061A0001A46BB6813449B68FA6A9A422DD23A6A2F
:1061B0001346DB009B1A9B001A46BB6813441A68FF
:1061C000FB6AD1183A6A1346DB009B1A9B001A46F9
:1061D000BB6813449A68FB6AD31A1A46F869FBF73E
:1061E000F3FD0246FB6A1344FB623A6A1346DB0086
:1061F0009B1A9B001A46BB6813449B68FA6A9A4232
:106200000CBF0123002387F826303A6A1346DB00CF
:106210009B1A9B001A46BB6813445B68002B39D05D
:106220003A6A1346DB009B1A9B001A46BB6813446C
:106230009B68BA6A9A422DD23A6A1346DB009B1ACF
:106240009B001A46BB6813445A68BB6AD1183A6A65
:106250001346DB009B1A9B001A46BB6813449A68DE
:10626000BB6AD31A1A46F869FBF792FD0246BB6A6D
:106270001344BB623A6A1346DB009B1A9B001A4622
:10628000BB6813449B68BA6A9A420CBF012300237F
:1062900087F8273097F8273083F00103DBB2002B13
:1062A0007FF46EAF97F8263083F00103DBB2002B4A
:1062B0007FF466AF00BFFB691B6A03F40063002B29
:1062C000F9D0FB695B6823F02002FB695A60FB6927
:1062D000DB6923F04012FB69DA613A6A1346DB009E
:1062E0009B1A9B001A46BB6813441B691846FEF7AD
:1062F0006BFB3B6A01333B623A6A7B689A42FFF46C
:106300007FAE002318463037BD4680BD80B58CB0C7
:1063100000AFF860B9601346FB8007F11403002258
:106320001A605A609A60DA601A615A619A61BB68B1
:106330007B61BB68BB61FB88FB61012387F8203070
:1063400007F1140301221946F868FFF7EFFD034631
:1063500018463037BD4680BD80B582B000AF78604A
:106360007B68002B04DB7B68022B01DC002306E04A
:1063700001F01CF8034609221A604FF0FF3318465B
:106380000837BD4680BD80B582B000AF78607B68BD
:10639000002B04DB7B68022B01DC012305E001F00C
:1063A00005F8034609221A60002318460837BD463F
:1063B00080BD80B584B000AFF860B9607A6000F04D
:1063C000F5FF034609221A604FF0FF3318461037D5
:1063D000BD4680BD80B582B000AF786039607B6813
:1063E000002B08DB7B68022B05DC3B684FF4005276
:1063F0005A60002305E000F0D9FF034609221A6025
:10640000002318460837BD4680BD000080B586B021
:1064100000AFF860B9607A60FB68002B15D1104BB3
:106420001B680122B9681846FEF758FA78617B6943
:10643000002B08DA00F0BAFF02467B695B4213606A
:106440004FF0FF3308E07B6906E000F0AFFF034642
:1064500009221A604FF0FF3318461837BD4680BD39
:10646000400E002080B586B000AFF860B9607A6059
:10647000FB68012B02D0FB68022B15D1104B1B6867
:106480007A68B9681846FEF75BFA78617B69002B79
:1064900008DA00F08BFF02467B695B4213604FF025
:1064A000FF3308E07B6906E000F080FF0346092225
:1064B0001A604FF0FF3318461837BD4680BD00BF45
:1064C000400E002080B582B000AF78603960396836
:1064D000786800F071FF034618460837BD4680BD56
:1064E00080B582B000AF7860786801F02FFC00BF03
:1064F0000837BD4680BD80B483B000AF7860396096
:106500007A683B68D31A9B1018460C37BD465DF875
:10651000047B704780B586B000AFF860B9607A60E0
:106520000C210120FFF7CEFF78617B69002B01D1A0
:10653000002309E07B69FA681A607B69BA685A60CF
:106540007B697A689A607B6918461837BD4680BDBA
:1065500080B485B000AFF860B9607A60FB68002B4A
:1065600007D0BB68002B01D0BB6800E07B68FA68ED
:106570009360BB68002B05D0BB68FA685A60BB68A3
:106580007A689A607B68002B07D0BB68002B01D02B
:10659000BB6800E0FB687A68536000BF1437BD46F3
:1065A0005DF8047B704780B485B000AFF860B960D7
:1065B0007A60FB681B68BA689A420CD1FB687A68FB
:1065C0005A60BB68002B02D07B68002B0FD1FB68A0
:1065D0007A681A600BE0FB68BA681A607B68002B67
:1065E00002D0BB68002B02D1FB68BA685A6000BFBA
:1065F0001437BD465DF8047B7047000080B483B05B
:1066000000AF78600B46FB70FB78012B11D0032B99
:106610001FD17B681A4A1A607B681A4A5A607B68E5
:10662000194A9A607B68194ADA607B68184A1A61CD
:106630001FE07B68174A1A607B68124A5A607B68C1
:10664000114A9A607B68114ADA607B68104A1A61C5
:106650000FE07B680F4A1A607B680F4A5A607B68BC
:106660000A4A9A607B68084ADA607B680B4A1A61BA
:1066700000BF00BF0C37BD465DF8047B704700BF0C
:106680008B680010836A001075690010C3690010E0
:106690001169001021680010056B0010436900109B
:1066A00080B586B000AFF8600B467A60FB72FB687D
:1066B000002B02D14FF0FF332FE018210120FFF70C
:1066C00001FF78617B69002B02D14FF0FF3324E09A
:1066D0001C210120FFF7F6FE38613B69002B05D134
:1066E0007869FFF7FDFE4FF0FF3316E0FB687A692B
:1066F0001A607B693A695A617B68002B01D07B681C
:1067000000E0084B3A69D360FB7A19467869FFF7D5
:1067100075FF3B693A695A61002318461837BD4630
:1067200080BD00BFF764001080B584B000AF786012
:106730007B68002B02D14FF0FF331CE07B685B6964
:10674000FB60FB681B69002B02D04FF0FF3312E0A7
:1067500000BF07F108031946786800F092F9034674
:10676000002BF6D07B685B691846FFF7B9FE7868A6
:10677000FFF7B6FE002318461037BD4680BD80B433
:1067800085B000AF786039607B68002B02D03B6831
:10679000002B02D14FF0FF3307E07B685B69FB60A1
:1067A000FB689A683B681A60002318461437BD4698
:1067B0005DF8047B704780B586B000AF78603960C3
:1067C0007B68002B02D14FF0FF3325E07B685B69CB
:1067D0007B6100233B617B691B68FB60FA68396958
:1067E0003868FFF797FEB860BB68002B02D14FF006
:1067F000FF3311E0FA68B9683869FFF7A9FE7B69D1
:106800005B681A46B9687869FFF7CDFE7B699B68BB
:106810005A1C7B699A60002318461837BD4680BD14
:1068200080B586B000AF786039607B68002B02D1FC
:106830004FF0FF3325E07B685B697B617B695B68B8
:106840003B610023FB60FA6839693868FFF762FE34
:10685000B860BB68002B02D14FF0FF3311E0FA683B
:10686000B9683869FFF774FE7B691B68BA68194616
:106870007869FFF798FE7B699B685A1C7B699A6070
:10688000002318461837BD4680BD80B584B000AFE0
:10689000786039607B68002B02D14FF0FF3333E022
:1068A0007B685B69BB60BB681B68FB600CE0BB6816
:1068B000DB68FA6812683968104698470346002B6F
:1068C00006DCFB689B68FB60FB68002BEFD100E0F7
:1068D00000BFFB68002B0CD1BB685A68BB689A618B
:1068E000BB68143301223968184600F09AF9034650
:1068F0000AE0BB68FA689A61BB6814330022396801
:10690000184600F08EF9034618461037BD4680BD84
:1069100080B485B000AF786039607B68002B02D10D
:106920004FF0FF3307E07B685B69FB60FB681B6827
:106930003A681A60002318461437BD465DF8047B98
:10694000704780B485B000AF786039607B68002BF9
:1069500002D14FF0FF3307E07B685B69FB60FB68A7
:106960005B683A681A60002318461437BD465DF824
:10697000047B704780B485B000AF786039607B6875
:10698000002B02D03B68002B02D14FF0FF3312E006
:106990003B6800221A607B685B69FB60FB681B68D0
:1069A000002B02D14FF0FF3305E0FB681B681A682B
:1069B0003B681A60002318461437BD465DF8047B17
:1069C000704780B485B000AF786039607B68002B79
:1069D00002D03B68002B02D14FF0FF3312E03B683E
:1069E00000221A607B685B69FB60FB685B68002BB8
:1069F00002D14FF0FF3305E0FB685B681A683B6823
:106A00001A60002318461437BD465DF8047B7047B2
:106A100080B586B000AFF860B9607A60FB68002B83
:106A200002D0BB68002B02D14FF0FF3325E0BB68DA
:106A300000221A60FB685B697B617B69002B02D1D5
:106A40004FF0FF3319E0FB685B697B617B691A6873
:106A50007B699A617B6914337968184600F093F872
:106A60000346002B02D04FF0FF3306E07B6914335E
:106A7000B968184600F0B5F8034618461837BD4601
:106A800080BD80B586B000AF786039607B68002B30
:106A900002D03B68002B02D14FF0FF332EE03B6861
:106AA00000221A607B685B697B617B699B68002BB5
:106AB00002D14FF0FF3321E07B691B683B613B69EA
:106AC0005B68FB603B699B68BB60BA680021F86843
:106AD000FFF73EFD7B695B681A46B9687869FFF786
:106AE00062FD7B699B685A1E7B699A603B691A68E4
:106AF0003B681A603869FFF7F3FC00231846183723
:106B0000BD4680BD80B586B000AF786039607B68D7
:106B1000002B02D03B68002B02D14FF0FF332EE058
:106B20003B6800221A607B685B697B617B699B68BC
:106B3000002B02D14FF0FF3321E07B695B683B61A2
:106B40003B695B68FB603B699B68BB60BA6800217E
:106B5000F868FFF7FDFC7B691B68FA6819467869DD
:106B6000FFF721FD7B699B685A1E7B699A603B6930
:106B70001A683B681A603869FFF7B2FC00231846B0
:106B80001837BD4680BD80B584B000AF78603960ED
:106B90007B68BB60BB68002B02D14FF0FF331CE069
:106BA000BB681B681B68FB6012E0BB681B68DB6886
:106BB000FA6812683968104698470346002B04D1DA
:106BC000BB68FA685A60002307E0FB689B68FB60BB
:106BD000FB68002BE9D14FF0FF3318461037BD4654
:106BE00080BD80B485B000AF786039607B68FB60A1
:106BF000FB68002B06D0FB685B68002B02D03B686B
:106C0000002B02D14FF0FF3305E0FB685B681A6888
:106C10003B681A60002318461437BD465DF8047BB4
:106C2000704780B58CB000AFF860B9601346FB7157
:106C3000FB68BB62BB6A002B02D14FF0FF3355E00B
:106C4000FB681B687B62FB79002B0ED0BB6A5A681D
:106C5000BB6A1B685B689A4207D107F11003B968E9
:106C60001846FFF7DDFD034640E0FB7983F00103A2
:106C7000DBB2002B0ED0BB6A5A68BB6A1B681B686C
:106C80009A4207D107F11003B9681846FFF793FD40
:106C900003462BE0FB79002B0AD0BB6A5968BB6A1C
:106CA0005B689B681A46B868FFF734FCF86209E035
:106CB000BB6A5B685968BB6A5B681A46B868FFF7CD
:106CC00029FCF862FB6A002B02D14FF0FF330DE084
:106CD000FB6A5868FB6A9B681A46F96AFFF738FC3A
:106CE000BB6A1B689A6801329A60002318463037E5
:106CF000BD4680BD80B483B000AF786000BF0C3764
:106D0000BD465DF8047B704780B483B000AF786007
:106D100000BF0C37BD465DF8047B704780B483B07C
:106D200000AF786000BF0C37BD465DF8047B70474C
:106D300080B483B000AF786000BF0C37BD465DF80B
:106D4000047B704780B485B000AF78600023FB609F
:106D50000CE07B6803F00103002B01D0FB6809E025
:106D60007B685B087B60FB680133FB607B68002B02
:106D7000EFD1202318461437BD465DF8047B7047D9
:106D800080B582B000AF786039607868FFF7DAFFCD
:106D900002463B6803FA02F27B6813401846083744
:106DA000BD4680BD4B4885464B48804780B94B491E
:106DB0004B4A4C4B9B1A03DD043BC858D050FBDCBC
:106DC00049494A4A00209142BCBF41F8040BFAE706
:106DD000474880474748804747488047FFF7FEFFBE
:106DE000FEE7FEE7FEE7FEE7FEE7FEE7FEE7FEE77B
:106DF000FEE7FEE7FEE7FEE7FEE7FEE7FEE7FEE76B
:106E0000FEE7FEE7FEE7FEE7FEE7FEE7FEE7FEE75A
:106E1000FEE7FEE7FEE7FEE7FEE7FEE7FEE7FEE74A
:106E2000FEE7FEE7FEE7FEE7FEE7FEE7FEE7FEE73A
:106E3000FEE7FEE7FEE7FEE7FEE7FEE7FEE7FEE72A
:106E4000FEE7FEE7FEE7FEE7FEE7FEE7FEE7FEE71A
:106E5000FEE7FEE7FEE7FEE7FEE7FEE7FEE7FEE70A
:106E6000FEE7FEE7FEE7FEE7FEE7FEE7FEE7FEE7FA
:106E7000FEE7FEE7FEE7FEE7FEE7FEE7FEE7FEE7EA
:106E8000FEE7FEE7FEE7FEE7FEE7FEE7FEE7FEE7DA
:106E9000FEE7FEE7FEE7FEE7FEE7FEE7FEE7FEE7CA
:106EA000FEE7FEE7FEE7FEE7FEE7FEE7FEE7FEE7BA
:106EB000FEE7FEE7FEE7FEE7FEE7FEE7FEE7FEE7AA
:106EC000FEE7FEE7FEE7FEE7FEE7FEE7FEE7FEE79A
:106ED000FEE7FEE700001020CD030010BC9100107B
:106EE00000000020C0050020C00500204C1100203B
:106EF000090400105D730010A138001053B94AB99D
:106F0000002908BF00281CBF4FF0FF314FF0FF30B1
:106F100000F088B9ADF1080C6DE904CE00F006F878
:106F2000DDF804E0DDE9022304B070472DE9F04705
:106F3000089D0F4604468C46002B48D18A421646CF
:106F400061D9B2FA82F34BB1C3F1200201FA03FC1A
:106F500020FA02F29E4042EA0C0C9C404FEA164E88
:106F6000B7B2BCFBFEF1220C0EFB11CC42EA0C4284
:106F700001FB07F0904209D9B21801F1FF3C80F003
:106F8000EE80904240F2EB8002393244121AA4B2F1
:106F9000B2FBFEF00EFB102244EA024400FB07F7AE
:106FA000A74209D9341900F1FF3280F0DA80A742F4
:106FB00040F2D7803444023840EA0140E41B00210B
:106FC0001DB1DC400023C5E90043BDE8F0878B42DA
:106FD00006D90DB1C5E9000100210846BDE8F087DA
:106FE000B3FA83F1002948D1BB4202D3824200F2B6
:106FF0000781841A67EB030201209446002DE4D038
:10700000C5E9004CE1E7002A00F09280B2FA82F371
:10701000002B40F0A8808A1A4FEA164E1FFA86FC11
:107020000121200CB2FBFEF70EFB172240EA0242C0
:107030000CFB07F0904207D9B21807F1FF3802D2D3
:10704000904200F2E2804746121AA4B2B2FBFEF070
:107050000EFB102244EA02440CFB00FCA44507D9B5
:10706000341900F1FF3202D2A44500F2CB80104661
:10707000A4EB0C0440EA0740A2E7C1F120068B40D4
:1070800022FA06FC4CEA030C07FA01F420FA06F394
:10709000F7404FEA1C49234300FA01F81FFA8CFE1F
:1070A000B7FBF9F01C0C09FB107744EA074400FB1E
:1070B0000EF7A74202FA01F20AD91CEB040400F110
:1070C000FF3A80F09B80A74240F2988002386444E7
:1070D000E41B9FB2B4FBF9F309FB134447EA0444F1
:1070E00003FB0EFEA64509D91CEB040403F1FF3790
:1070F00080F08280A6457FD9023B644443EA004089
:10710000A4EB0E04A0FB02E7BC427346B94663D36E
:1071100060D05DB1B8EB030264EB090404FA06F633
:1071200022FA01F31E43CC40C5E9006400214CE77C
:107130006208480842EAC1710B0C43EA00438AB274
:1071400042EA0342B3FBF6F1E407B4463746B646DB
:107150001F23B0FBF6F0D21B41EA004161E7614614
:1071600014E7104628E7C3F1200120FA01F29E40FF
:1071700027FA01F19F403A434FEA164E1FFA86FC68
:10718000B1FBFEF70EFB1710110C41EA004107FBA3
:107190000CF8884504FA03F43AD9711807F1FF3066
:1071A00001D288451FD8A1EB0801B1FBFEF808FB0E
:1071B0000CF70EFB181192B242EA0142BA422FD2EA
:1071C000B21808F1FF31C6D2BA42C4D2A8F1020106
:1071D0003244C0E7F0459CD2BEEB020367EB0C07DC
:1071E0000138B94695E7A6EB08084144B81EB1FB43
:1071F000FEF808FB0CF7DCE73B467FE7504667E705
:107200000846FBE63444023832E7023F32441BE7CB
:10721000A1EB08013846B1FBFEF808FB0CF7C8E704
:10722000414698E7704700BF844641EA000313F0E7
:1072300003036DD1403A41D351F8043B40F8043B7D
:1072400051F8043B40F8043B51F8043B40F8043B40
:1072500051F8043B40F8043B51F8043B40F8043B30
:1072600051F8043B40F8043B51F8043B40F8043B20
:1072700051F8043B40F8043B51F8043B40F8043B10
:1072800051F8043B40F8043B51F8043B40F8043B00
:1072900051F8043B40F8043B51F8043B40F8043BF0
:1072A00051F8043B40F8043B51F8043B40F8043BE0
:1072B00051F8043B40F8043B403ABDD2303211D380
:1072C00051F8043B40F8043B51F8043B40F8043BC0
:1072D00051F8043B40F8043B51F8043B40F8043BB0
:1072E000103AEDD20C3205D351F8043B40F8043B80
:1072F000043AF9D2043208D0D2071CBF11F8013B7E
:1073000000F8013B01D30B8803806046704700BF43
:10731000082A13D38B078DD010F003038AD0C3F152
:107320000403D21ADB071CBF11F8013B00F8013B34
:1073300080D331F8023B20F8023B7BE7043AD9D3F3
:10734000013A11F8013B00F8013BF9D20B780370C8
:107350004B7843708B7883706046704770B50F4BE5
:107360000F4DAB42A3EB050607D0B610002455F82D
:10737000043B01349847A642F9D801F00DFF094DAE
:10738000094B5E1BAB424FEAA60606D0002455F817
:10739000043B01349847A642F9D870BDB4050020DB
:1073A000B4050020B4050020BC050020014B18687E
:1073B000704700BF8004002010B4044C03460A4606
:1073C00020685DF8044B194600F040B880040020A6
:1073D00070B504468AB008460D4601F011FA164E03
:1073E000626B079001214318CDE90861022006A9CC
:1073F00003910695A16805930490BAB1B1F90C30D8
:107400004A6E98040DD443F4005322F400528B8149
:107410004A6603AA204600F09DFE20B90A200AB061
:1074200070BD9304F5D54FF0FF30F8E72046019189
:1074300001F092F90199E1E794910010024B0146A5
:107440001868FFF7C5BF00BF8004002038B5A1FB56
:10745000021454BB00F030F8054650B350F8042C29
:1074600022F00302043A242A10D8132A13D91B2A23
:10747000C0E9004416D9242AC0E902440ABFC0E981
:10748000044400F1100200F1180205E0214600F06A
:1074900065FC284638BD02460023C2E900339360EC
:1074A000284638BD00F10802F6E7FFF77FFF0C23FE
:1074B00003600025284638BD2DE9F04F01F10B058A
:1074C000162D83B0064623D8102900F2B48000F0B0
:1074D00037FE102518230220C64F3B44A3F10802B3
:1074E0005C68944200F06C816368E268A16823F0F4
:1074F0000303CA602344304691605A6842F0010297
:107500005A6000F01FFE0834204603B0BDE8F08F3B
:1075100035F0070500F18F80A94200F28C8000F061
:107520000FFEB5F5FC7FC0F0B9815FEA552E00F083
:107530008980BEF1040F00F271814FEA951E0EF1B1
:10754000390003B20EF1380EDB00AA4F3B44A3F121
:10755000080C5C68A44507D10DE0002AE16880F2C0
:1075600029818C4507D00C46636823F003035A1B1E
:107570000F2AF2DD7046DFF880823C69444500F056
:107580000681636823F0030CACEB05030F2B00F3BB
:107590008A81002BC7E9048880F27481BCF5007FE2
:1075A000D7F804E080F012814FEADC03013319B20E
:1075B0004FEA5C1C012303FA0CF357F83120A26058
:1075C0004EEA030E07EBC103083BE360C7F804E093
:1075D00047F83140D46083104FF0010C0CFA03FCE3
:1075E000F44535D81CEA0E0F08D120F003004FEA0D
:1075F0004C0C1CEA0E0F00F10400F8D007EBC00A97
:10760000D6468146DEF80C300BE0596821F00301C4
:107610004A1B0F2A1C46DB6800F31081002A80F207
:1076200024819E45F1D109F1010919F0030F0EF1F2
:10763000080EE7D162E10C2333600024204603B03A
:10764000BDE8F08F4FF4007340204FF03F0E7CE711
:10765000BC68636823F00309A94504D3A9EB0503BB
:107660000F2B00F39780DFF894B1DBF8002004EBD8
:1076700009031032082002EB0508009300F074FFA4
:10768000D7F808140131024605D008F1FF388044CC
:10769000414201EA080841463046009200F0D4F920
:1076A000B0F1FF3F009A824600F0198104EB090314
:1076B000834200F21281DBF804104144CBF804103D
:1076C00002F1FF3C00F06D81D7F80804013000F0B2
:1076D000748104EB0903AAEB03031944CBF80410EB
:1076E0001AF00703009300F02E81C3F108018A44C9
:1076F000D0440A4408EA0C01521A02EA0C0130464E
:10770000019100F0A1F9421C00F074810199A0EBF5
:107710000A0000EB0108DBF80420C7F808A048F0D5
:1077200001001144BC42CAF80400CBF8041015D083
:10773000B9F10F0F40F244816268A9F10C0020F00A
:10774000070002F0010202436260052322180F289D
:10775000C2E9013300F25681DAF80400DBF82C208C
:107760008A42DBF8302038BFCBF82C108A4238BF71
:10777000CBF83010544620F00308A845A8EB0503C9
:1077800001D30F2B06DC304600F0DCFC55E7D7F8C0
:1077900004E020E7621943F0010345F0010565604C
:1077A0003046BA60536000F0CDFC0834204603B088
:1077B000BDE8F08FA2682344D16030468A609CE621
:1077C000DC68A3427FF490AE0230D4E6BCF5206FB3
:1077D0004FEA5C2279D3142A00F2C58002F15C03DF
:1077E0001BB25B32DB00F918FB58083999420AD109
:1077F0009FE000BF7000002078000020440E0020B1
:107800009B68994204D05A6822F003026245F7D877
:10781000D968C4E902318C60DC60DCE6BEF1140F8B
:1078200060D9BEF1540F00F2A8804FEA153E0EF168
:107830006F0003B20EF16E0EDB0086E6D4F808C0CE
:107840003046661945F001056560CCF80C30C3F888
:1078500008C042F00103C7E90466C6E90288736004
:10786000625000F06FFC0834E8E6214430464A6874
:1078700042F001024A6054F8082FD3609A6000F089
:1078800061FCDBE6A4443046DCF8043043F001033D
:10789000CCF8043000F056FC0834CFE6E808431C6E
:1078A0001BB2DB0018E6621943F0010145F0010547
:1078B00065603046C7E90422C2E90288516044F895
:1078C0000C3000F03FFC0834B8E64FEA9C1202F19D
:1078D00039031BB23832DB0085E7BC4259D0BC68A3
:1078E000606848E70EF15C0003B20EF15B0EDB004E
:1078F0002BE65AF80839534540F0A38010F0030FE7
:1079000000F1FF30F5D17B6823EA0C037B604FEA7E
:107910004C0C9C453FF69CAEBCF1000F04D197E6A1
:107920004FEA4C0C09F104091CEA030FF8D0484651
:1079300064E692104FF0010C0CFA02F24EEA020ECD
:10794000C7F804E065E70AEB080101EA0C01521AE6
:1079500002EA0C013046019100F076F8431C7FF4F6
:10796000D5AE0099D7E6542A2ED84FEA1C3202F140
:107970006F031BB26E32DB0035E7BEF5AA7F2ED84F
:107980004FEAD53E0EF1780003B20EF1770EDB0020
:10799000DBE5DBF804104144CBF8041002F1FF3CB6
:1079A00092E610EA0C0F7FF48FAED7F808A0C84417
:1079B00048F00100CAF80400D0E6C7F808A48FE632
:1079C0000123CAF80430DEE6B2F5AA7F24D84FEAD4
:1079D000DC3202F178031BB27732DB0003E740F2BE
:1079E00054539E4523D8AB0C03F17D0003F17C0E6C
:1079F000C300AAE5009BA3F108029044A8EB0A0883
:107A0000002188E604F10801304600F08BF8DBF82D
:107A10000410D7F808A09FE640F254539A420CD8BD
:107A20004FEA9C4202F17D03DB007C32DBE64FF43F
:107A30007E737F204FF07E0E87E54FF47E737E22AB
:107A4000D1E67B6863E700BF38B5074D00220446E6
:107A500008462A60F8F718FC431C00D038BD2B6894
:107A6000002BFBD0236038BD780E00202DE9F843B1
:107A700006460820894600F077FDDFF8A480054619
:107A8000304600F05DFBD8F808305F6827F0030748
:107A9000A7F11104A4EB09042C44B4FBF5F4013C58
:107AA00005FB04F4A54208DC00213046FFF7CCFFBB
:107AB000D8F808303B44984205D0304600F042FBED
:107AC0000020BDE8F88361423046FFF7BDFF01307A
:107AD0000FD0114AD8F808303F1B47F001075F600C
:107AE000136830461B1B136000F02CFB0120BDE81F
:107AF000F88300213046FFF7A7FFD8F80820831A43
:107B00000F2BDADD43F001035360044B02491B687D
:107B1000C01A0860D1E700BF480E0020780400209A
:107B20007000002000295BD0F8B50C46074600F035
:107B300007FB54F804CC744DA4F108022CF00103A7
:107B4000D118A8684E68884226F003060CF0010E92
:107B50007ED088194E60406800F00100BEF1000F31
:107B60002FD154F8084C121B2344946805F1080CDB
:107B7000644562D0D2F80CE0C4F80CE0CEF80840BE
:107B800000287FD043F0010050600B60B3F5007F08
:107B90002FD2D90868685C090131012309B2A340DA
:107BA00003436B6055F83100906005EBC103083B5F
:107BB000D36045F83120C2603846BDE8F84000F097
:107BC000C1BA70B9334405F1080C8868604543F0C8
:107BD000010471D0C968C16088605460D350D5E792
:107BE00070474CF00101B3F5007F44F8041CD350FA
:107BF000CFD3B3F5206F4FEA532045D2980900F157
:107C0000390109B200F13804C90068186958083808
:107C1000884203D157E08968884204D04C6824F038
:107C200003049C42F7D8C868C2E902108260384653
:107C3000CA60BDE8F84000F085BA88BB1E44D1E9AF
:107C40000213CB60996046F0010353609651B3E78D
:107C50001E44BEF1000F07D154F8083CD21A1E444E
:107C6000D2E90213CB60996046F001035360274BC1
:107C7000AA601B68B3429FD8254B38461968FFF7A6
:107C8000F5FE99E73344A0E714280ED9542821D8EB
:107C9000180B00F16F0109B200F16E04C900B4E7DE
:107CA00043F0010050600B6086E700F15C0109B20F
:107CB00000F15B04C900A8E7C5E90422C2E902CCCF
:107CC0005460D35078E76E68A4100123A340334377
:107CD0006B60A9E7B0F5AA7F07D8D80B00F178014F
:107CE00009B200F17704C9008FE740F2545188428D
:107CF00006D8980C00F17D0100F17C04C90084E7EE
:107D00004FF47E717E2480E7700000207C04002008
:107D1000440E002038B5074D074C2C1BA41005D08D
:107D2000013C55F8043D9847002CF9D1BDE8384096
:107D300001F038BAC0050020BC050020024B014606
:107D40001868FFF7B9BB00BF80040020024B014652
:107D50001868FFF7E7BE00BF80040020830730B536
:107D600046D08418844604E003F8011B9D0704D024
:107D70009C46A4456346F7D130BD013A0244A2EBCC
:107D80000C02032A29D9CCB204EB04240F2A04EBF9
:107D900004442FD9A2F1100C2CF00F0C03F11005A4
:107DA000AC44C3E90044C3E9024410336345F8D14D
:107DB00012F00C0F02F00F0E18D02EF0030C9C44A2
:107DC000AEF104051A4642F8044B6245FBD125F09A
:107DD000030404330EF003022344002ACCD0C9B2BA
:107DE0001A4403F8011B9342FBD130BD7246F4E7FD
:107DF0000346C6E79646E0E72DE9F84F1646002908
:107E000000F098800C46804606F10B0500F098F9CA
:107E100054F8041C162DA4F1080921F0030758D8C2
:107E20001025AE4258D8AF4262DABF4B9A6809EBD0
:107E3000070C6245DCF8040000F0928020F001039A
:107E400063445B68DB076AD420F003003B189D4263
:107E500049DDCB0712D454F8083CA9EB030BDBF83F
:107E6000043023F00302104400EB070A554540F3A9
:107E7000F88007EB020A554540F3CE803146404674
:107E8000FFF71AFB0646002800F0228154F8043C54
:107E900023F001034B44A0F10802934200F0B680A6
:107EA0003A1F242A00F2D980132A00F2A480034644
:107EB0002246116819605168596092689A6021469B
:107EC0004046FFF72FFE404600F03CF93046BDE843
:107ED000F88F35F00705A4D50C23C8F8003000262C
:107EE0003046BDE8F88F1F46DCE90223D3609A6074
:107EF000D9F804307A1B0F2A03F0010309EB0700BD
:107F00001DD83B43C9F80430436843F00103436084
:107F1000404600F017F926463046BDE8F88FC907FD
:107F2000ACD454F8083CA9EB030BDBF8043023F085
:107F300003029EE7BDE8F84F1146FFF7BDBA09EB13
:107F400005012B4342F00102C9F804304A6043683E
:107F500043F00103436008314046FFF7E3FDD7E7F4
:107F600020F00300C21905F1100C624580F29180E7
:107F7000CA0783D454F8082CA9EB020BDBF80420C1
:107F800022F00302104400EB070AD4453FF771AF1B
:107F90005E46DBF80C1056F8080F3A1F242AC16021
:107FA000886000F2AE80132A40F2A9802168CBF8E5
:107FB00008106168CBF80C101B2A00F2A880083466
:107FC0000BF110022168116061685160A168916035
:107FD0000BEB0501AAEB050242F0010299604A6031
:107FE000DBF8043003F001032B434046CBF80430A8
:107FF00000F0A8F890E723680360636843601B2AD9
:108000003CD804F1080200F1080352E750F8043CA0
:1080100023F003031F446BE73A1F5E46DBF80C3086
:1080200056F8081F242ACB60996022D8132A1ED93B
:108030002368CBF808306368CBF80C301B2A3BD898
:1080400008340BF1100322681A6062685A60A26853
:108050009A6034465746D9464AE7214600F0ECF983
:108060002DE7DCE902133A1FCB609960D5E7334670
:10807000E9E72146304600F0DFF9EAE7A3688360CC
:10808000E368C360242A27D004F1100200F1100332
:108090000FE709EB05019960531B43F001034B60A7
:1080A00054F8043C03F001032B43404644F8043CDD
:1080B00000F048F826462FE7A368CBF81030E368B5
:1080C000CBF81430242A10D010340BF11803BAE77F
:1080D000404600F037F802E72369036161694161B6
:1080E00004F1180200F11803E3E62369CBF8183015
:1080F0006369CBF81C3018340BF12003A3E7324638
:1081000060E72146304600F097F9074B60E7A16829
:10811000CBF81010E168CBF81410242A06D01034E4
:108120000BF118024EE700BF700000202269CBF867
:1081300018206269CBF81C2018340BF1200241E7AB
:10814000704700BF704700BF002301461A4618461B
:1081500000F0F2BC9368002B00F0B6802DE9F04FE0
:10816000B1F90CC01CF0080F83B0174680460C46CE
:1081700027D00B692BB31CF002033D682DD04FF0C4
:10818000000ADFF8B0B25646B9465E45334652465D
:1081900028BF5B464046002E00F08580E169676A93
:1081A000B847002840F38880D9F808301B1A824469
:1081B000361AC9F80830002BE7D1002003B0BDE81B
:1081C000F08F2146404600F081FD002879D1B4F9B6
:1081D0000CC03D681CF00203D1D11CF0010975D11F
:1081E0004E460097002E5AD01CF4007F2068D4F829
:1081F00008B000F0B180B3455A4600F2DF801CF4AD
:10820000906F32D023696269A0EB030A02EB42024D
:1082100002EBD2720AF1010152103144914292BF35
:1082200093468B460A461CF4806F00F0E5801146A9
:108230004046FFF741F9002800F0F58052462169D9
:108240000190FEF7F1FFA289019B22F4906242F0B7
:108250008002A28103EB0A002361ABEB0A03C4F89E
:1082600014B0A3602060B34632464946019200F044
:10827000E3F8A368019AA3EB0B012368A160134400
:10828000B24623600026009A9368A3EB0A03D14408
:108290009360002B91D0B4F90CC0002EA4D1D5E985
:1082A000009608359EE7D5E900A608356DE721461A
:1082B000404600F007FC70B3B4F90C3043F04003C3
:1082C000A3814FF0FF3079E7002070471E46BA4681
:1082D0009946184600951F465EB3002831D04A469D
:1082E000D4E904132068B24228BF3246884204D938
:1082F000A16803EB010B5A4570DC934261DCE16934
:10830000656A3A464046A847B0F1000BD4DDB9EBA8
:108310000B09CCD00120DAF80830A3EB0B035F4443
:10832000A6EB0B06CAF80830002B3FF446AF002E30
:10833000D3D1009A5668134608320092002EF8D026
:108340001F6832460A21384600F0D2FA002867D06A
:108350000130A0EB0709C2E72369834216D36269A3
:10836000B24213D86FF00043B34228BF3346E169ED
:1083700093FBF2F3676A02FB03F340464A46B847B1
:10838000B0F1000A98DDA6EB0A067CE7B345DA46B1
:1083900028BFB2465246494600F04EF8A36822680C
:1083A000A3EB0A035244A3602260002BEBD12146C9
:1083B000404600F087FB0028E5D07DE7B346324613
:1083C00053E73946019200F037F8019AA3689B1AE7
:1083D000A360236813442360934698E739465A46BE
:1083E00000F02AF823685B4423602146404600F0F1
:1083F00069FB00288BD05FE719464046FFF7FCFC7D
:10840000034600287FF426AF21694046FFF78AFB28
:10841000B4F90C300C22C8F8002023F080034DE79B
:10842000721C91465CE70C22B4F90C30C8F80020AD
:1084300044E700BF00FCFF7F8842F0B514D98B18D9
:10844000834211D9032A00EB020166D802F1FF3CF6
:108450004AB16FEA0C0C0A469C4413F8011D02F85D
:10846000011D6345F9D1F0BD032A0FD8034602F17F
:10847000FF3C002AF7D00CF1010C013B8C4411F8B1
:10848000012B03F8012F6145F9D1F0BD41EA00034A
:108490009B073ED10F2A64D9A2F1100301F1100409
:1084A00023F00F032031A446194400F1100E5CF8AC
:1084B000105C4EF8105C5CF80C5C4EF80C5C5CF8E0
:1084C000085C4EF8085C5CF8045C4EF8045C0CF147
:1084D000100C8C450EF1100EE9D1E11812F00C0FC2
:1084E000034402F00F0E03F1100338D02EF0030501
:1084F000043D1A1F5E198C465CF8044B42F8044F89
:10850000B242F9D10431043329442B440EF0030262
:10851000ADE702F1FF3C0346ADE741EA0304A407DF
:108520001F4602D002F1FF3C93E7A2F1040E2EF0A9
:1085300003068E1B4FEA9E0E8C46644653F8045D7C
:108540004CF8045DB442F8D1CEEB8E7301EB83019D
:1085500007EB83073B1F043902F0030276E77246FC
:1085600085E703469646C1E7082802D14FF48050BC
:10857000704708B5FEF71AFF162303604FF0FF306F
:1085800008BD00BF00207047024A0349034800F0BD
:108590000BB900BFA80500205D8E001088040020E4
:1085A0000C4B4168994210B5044601D000F056FCCE
:1085B000A168094B994202D0204600F04FFCE168C7
:1085C000064B994204D02046BDE8104000F046BC5E
:1085D00010BD00BF7C0E0020E40E00204C0F0020D8
:1085E000002070472DE9F8432A4C2B49DFF8BC9056
:1085F000DFF8BC80294FC4F8381100250423082275
:10860000294604F15C00264EE360C4E90055C4E944
:108610000455A5606566A561FFF7A0FB214B636764
:108620000822294604F1C400C4E90749C4E90987BE
:10863000C4E91A55C4E91E552567C4F8CC50C4F8DE
:108640008050E662FFF78AFB174BC4F8DC302946FE
:1086500004F16803082204F59670C4F88430C4E974
:108660002298C4E92476C4E93455C4E93855C4F8DD
:10867000D850C4F83451C4F8E850FFF76FFB04F148
:10868000D003C4E93C98C4E93E76C4F8EC30BDE8B8
:10869000F88300BF7C0E002089850010318E001009
:1086A000558E00100900010012000200C98D001053
:1086B000F18D0010F8B5254BD3F838310646002B64
:1086C0003CD0234FD7E90134013B04D51DE05A1CAF
:1086D00004F1680419D0B4F90C50013B002DF6D117
:1086E0001C4BE360C4E90155C4E904556566256087
:1086F000A5610822294604F15C00FFF72FFBC4E9BD
:108700000C55C4E911552046F8BD3D680DB12F4602
:10871000D8E74FF4D6713046FEF7CEFE044680B15E
:108720000423C0E900530C302946A0604FF4D072F6
:108730002546FFF713FB3C602F46C3E7FFF752FFC8
:10874000BFE70C2338603360DDE700BF7C0E0020FC
:10875000A80500200100FFFF436B03B17047044BE5
:10876000044AD3F838314263002BF7D13AE700BF0F
:108770007C0E0020A1850010704700BF704700BF2D
:10878000024A0349002000F00FB800BFA8050020EE
:1087900085850010024A0349002000F005B800BF9B
:1087A000A8050020E18500102DE9F843074688461A
:1087B00016464FF00009D6E90154013D10D4A389B3
:1087C000012B08D9B4F90E3001332146384602D0C6
:1087D000C04749EA0009013D6B1C04F16804EED171
:1087E0003668002EE7D14846BDE8F8830000000057
:1087F0000000000000000000000000000000000079
:1088000030B490F800F020F007016FF0000C10F089
:10881000070491F820F040F048804FF000046FF01A
:108820000700D1E9002391F840F000F1080082FA36
:108830004CF2A4FA8CF283FA4CF3A2FA8CF34BBB01
:10884000D1E9022382FA4CF200F10800A4FA8CF27A
:1088500083FA4CF3A2FA8CF3E3B9D1E9042382FA48
:108860004CF200F10800A4FA8CF283FA4CF3A2FA5D
:108870008CF37BB9D1E9062301F1200182FA4CF295
:1088800000F10800A4FA8CF283FA4CF3A2FA8CF3FC
:10889000002BC6D0002A04BF04301A4612BAB2FA1E
:1088A00082F200EBD20030BC7047D1E9002304F023
:1088B0000305C4F100004FEAC50514F0040F91F858
:1088C00040F00CFA05F562EA05021CBF63EA0503F5
:1088D00062464FF00004AAE7024B13B10248FFF7CB
:1088E00033BC704700000000157D00100000000040
:1088F00001F0FF01102A2BDB10F0070F08D010F851
:10890000013B013A8B422DD010F0070F42B3F6D154
:10891000F0B441EA012141EA014122F007047FF06D
:1089200000070023F0E80256083C85EA010586EAC4
:10893000010685FA47F5A3FA87F586FA47F6A5FA00
:1089400087F68EB9EED1F0BC01F0FF0102F007020C
:1089500032B110F8013B013A83EA010313B1F8D1B7
:108960000020704701387047002D06BF3546033898
:10897000073815F0010F07D1013015F4807F02BFD1
:10898000013015F4C03F0130F0BC0138704700BF22
:10899000B1F90C202DE9F04115070C4680464ED464
:1089A000496842F400630029A38163DDA66A002EB2
:1089B00042D0002112F48052D8F80050C8F80010BC
:1089C00065D1E16901234046B0470246501C6CD096
:1089D000B4F90C30A66A590705D56368D21A236B1F
:1089E0000BB1E36BD21A0023E1694046B047421C49
:1089F000B4F90C304DD1D8F800101D2940D8304AB8
:108A0000CA40D7073CD52269226023F40062A281C4
:108A1000DE044FF00002626001D5002943D0216BD3
:108A2000C8F8005041B104F14003994202D04046D9
:108A3000FFF778F8002323630020BDE8F0810E697A
:108A4000002EF9D00D680E6092070CBF4B69002311
:108A5000AD1B8B600BE02B463246E169676A4046EE
:108A6000B847B0F1000CA5EB0C05664406DD002DFF
:108A7000F1DCE1E7E16B002998DCDDE7B4F90C30CB
:108A800043F04003A3814FF0FF30BDE8F081226D39
:108A9000A1E72269226023F40062A281DB044FF087
:108AA00000026260BBD52065B9E7D8F80030002B22
:108AB0008ED01D2B01D0162BE0D1C8F80050BBE79B
:108AC0000100402010B5044682B008B1436B53B199
:108AD000B1F90C0008B902B010BD204602B0BDE8E3
:108AE0001040FFF755BF0191FFF736FE0199EFE700
:108AF000A0B138B50C4B1D6804460DB16B6B4BB182
:108B0000B4F90C0000B938BD21462846BDE838400C
:108B1000FFF73EBF2846FFF71FFEF1E7034A04496F
:108B20000448FFF741BE00BF80040020A8050020D4
:108B3000C58A00108804002070B4164D2C681CB340
:108B400065681F2D23DC38B9AB1C0135656044F81E
:108B50002310002070BC704704EB850C0228CCF871
:108B60008820D4F888614FF0010202FA05F246EA43
:108B70000206C4F88861CCF80831E5D1D4F88C310C
:108B80001343C4F88C31DFE7034C2C60D8E74FF077
:108B9000FF30DFE7B80F0020BC0F002070B5B1F93F
:108BA0000C300C46990796B007D504F14303012217
:108BB000C4E90432236016B070BDB4F90E10002968
:108BC00005462BDB6A4600F0D7F9002824DB4FF47A
:108BD00080612846019EFEF76FFCB4F90C30A0B30B
:108BE00006F4704643F080034FF48062B6F5005FF0
:108BF000A38120602061626135D1B4F90E1028464E
:108C000000F0D0F9B4F90C3068B323F0030343F05B
:108C100001034FF4006214E0B4F90C3013F0800F3C
:108C20000CBF4FF48066402631462846FEF744FCD0
:108C3000B4F90C3048B1C4E9040643F08003206065
:108C400000221343A38116B070BD9A05B3D423F05C
:108C5000030304F1430243F002030121C4E90421A8
:108C6000A3812260A7E74FF40062EAE770B50C46E3
:108C7000B1F90E10002996B015461E4614DB6A465F
:108C800000F07AF900280FDB019901F47041A1F599
:108C90000051B1FA81F14FF4806349094FF400604B
:108CA00031602B6016B070BDA18911F0800106D033
:108CB00000214023084631602B6016B070BD4FF490
:108CC0008063084631602B6016B070BD38B53D4BEF
:108CD0001B6805460C4613B15A6B002A5AD0B4F9EA
:108CE0000C3019070BD522699AB113F0010221D17A
:108CF0009B075ABF6369A360A260002038BDDA06F3
:108D000058D558071CD4226943F00803A381002AD0
:108D1000EBD1990528D5180603F0800124D4D80793
:108D200041D49D073CD5A2600029E6D043F0400322
:108D3000A38144E0636900225B42A260A361DCE797
:108D4000216B51B104F14002914204D02846FEF754
:108D5000E9FEB4F90C300022226322690021C4E943
:108D6000002123F02403CFE721462846FFF716FF12
:108D7000B4F90C30226913F001010FD061690020B1
:108D80004942A060A161002AB7D103F08001002907
:108D9000B3D0CBE71846FFF7DFFCA0E7980700D475
:108DA0006169A160EFE76069A2604042A0610029AB
:108DB000A3D0BBE7092243F040032A60A3814FF010
:108DC000FF3038BD8004002010B50C46B1F90E10FC
:108DD00000F094F8002803DB236D0344236510BDE5
:108DE000A38923F48053A38110BD00BF00207047E6
:108DF0002DE9F0410C46B1F90C101F46CB05054694
:108E000016460BD421F48051A1813B46B4F90E10D3
:108E100032462846BDE8F04100F086B8B4F90E109D
:108E20000223002200F0D0F8B4F90C10EAE700BFEA
:108E300010B50C46B1F90E1000F0C6F8B4F90C30BC
:108E4000421C0EBF23F4805343F480532065A3815A
:108E500010BD00BFB1F90E1000F07CB870B500294C
:108E600035D006460C4610B1436B002B3AD0FFF7C5
:108E700083FCB4F90C3043B321463046FFF788FD3C
:108E8000E36A054633B1E169304698470028B8BF28
:108E90004FF0FF35A3891B061CD4216B41B104F1AF
:108EA0004003994202D03046FEF73CFE0023236384
:108EB000616C21B13046FEF735FE00236364002368
:108EC000A381FFF75BFC284670BDFFF757FC002528
:108ED000284670BD21693046FEF724FE216B00292B
:108EE000DDD1E5E7FFF738FCC1E700BF024B0146E3
:108EF0001868FFF7B3BF00BF8004002038B50D46E7
:108F0000084C8446114628461A46002323606546CD
:108F1000FDF77CFA431C00D038BD2368002BFBD042
:108F20002B6038BD780E002038B50D46084C8446BD
:108F3000114628461A46002323606546FDF792FA3B
:108F4000431C00D038BD2368002BFBD02B6038BDFC
:108F5000780E002038B5074D0022044608462A60E6
:108F6000FDF7FAF9431C00D038BD2B68002BFBD06D
:108F7000236038BD780E002070B50C46084D0346BE
:108F80000026204611461C462E60FDF723FA431C9E
:108F900000D070BD2B68002BFBD0236070BD00BFDC
:108FA000780E002038B5074D0022044608462A6096
:108FB000FDF7E9F9431C00D038BD2B68002BFBD02E
:108FC000236038BD780E002038B50D46084C844625
:108FD000114628461A46002323606546FDF7E9F945
:108FE000431C00D038BD2368002BFBD02B6038BD5C
:108FF000780E00200080004000008000000000008B
:1090000000A0004000000038030000000080004085
:10901000000040000200000000A00040000000042A
:109020000300000000900040000000340200000037
:10903000009000400000800002000000009000400E
:10904000000000020200000000900040000000014B
:109050000200000000A000401C0000000200000010
:1090600000A00040200000000200000000A000401E
:10907000020000000200000000A00040010000000B
:1090800002000000008000400000310002000000EB
:109090000080004000000800020000000080004046
:1090A000002000000200000000800040004000009E
:1090B00002000000009000400E00000002000000CE
:1090C00000900040010000000200000000900040FD
:1090D0004000000002000000009000400008000076
:1090E000020000000100000000010000000000007C
:1090F000000000000000000004000000000000006C
:109100000000000078910010000000000000000046
:10911000E49000100000000000000000EDEDE90008
:109120005741524E494E473A2063735F64656C6104
:10913000795F66697273742076616C7565206973F6
:1091400020746F6F20686967680000005741524EB5
:10915000494E473A2063735F64656C61795F6C6167
:1091600073742076616C756520697320746F6F204D
:109170006869676800000000855800100D630010E2
:109180002D5F0010D55E0010FF5E00109159001099
:10919000000000000A000000F8B500BFF8BC08BCE1
:1091A0009E467047F8B500BFF8BC08BC9E467047A5
:0491B00000000000BB
:0891B40078DDFF7F01000000DF
:1091BC0008100000FFFFFFFF00000000000000008F
:1091CC000100000000000000020000000000000090
:1091DC00030000000000000004000000000000007C
:1091EC00000000000000000006000000000000006D
:1091FC000000000000000000000000000000000063
:10920C000900000000000000000000000000000049
:10921C000B000000000000000C000000000000002B
:10922C000000000000000000700000207000002012
:10923C0078000020780000208000002080000020B2
:10924C008800002088000020900000209000002062
:10925C009800002098000020A0000020A000002012
:10926C00A8000020A8000020B0000020B0000020C2
:10927C00B8000020B8000020C0000020C000002072
:10928C00C8000020C8000020D0000020D000002022
:10929C00D8000020D8000020E0000020E0000020D2
:1092AC00E8000020E8000020F0000020F000002082
:1092BC00F8000020F8000020000100200001002030
:1092CC0008010020080100201001002010010020DE
:1092DC00180100201801002020010020200100208E
:1092EC00280100202801002030010020300100203E
:1092FC0038010020380100204001002040010020EE
:10930C00480100204801002050010020500100209D
:10931C00580100205801002060010020600100204D
:10932C0068010020680100207001002070010020FD
:10933C0078010020780100208001002080010020AD
:10934C00880100208801002090010020900100205D
:10935C009801002098010020A0010020A00100200D
:10936C00A8010020A8010020B0010020B0010020BD
:10937C00B8010020B8010020C0010020C00100206D
:10938C00C8010020C8010020D0010020D00100201D
:10939C00D8010020D8010020E0010020E0010020CD
:1093AC00E8010020E8010020F0010020F00100207D
:1093BC00F8010020F801002000020020000200202B
:1093CC0008020020080200201002002010020020D9
:1093DC001802002018020020200200202002002089
:1093EC002802002028020020300200203002002039
:1093FC0038020020380200204002002040020020E9
:10940C004802002048020020500200205002002098
:10941C005802002058020020600200206002002048
:10942C0068020020680200207002002070020020F8
:10943C0078020020780200208002002080020020A8
:10944C008802002088020020900200209002002058
:10945C009802002098020020A0020020A002002008
:10946C00A8020020A8020020B0020020B0020020B8
:10947C00B8020020B8020020C0020020C002002068
:10948C00C8020020C8020020D0020020D002002018
:10949C00D8020020D8020020E0020020E0020020C8
:1094AC00E8020020E8020020F0020020F002002078
:1094BC00F8020020F8020020000300200003002026
:1094CC0008030020080300201003002010030020D4
:1094DC001803002018030020200300202003002084
:1094EC002803002028030020300300203003002034
:1094FC0038030020380300204003002040030020E4
:10950C004803002048030020500300205003002093
:10951C005803002058030020600300206003002043
:10952C0068030020680300207003002070030020F3
:10953C0078030020780300208003002080030020A3
:10954C008803002088030020900300209003002053
:10955C009803002098030020A0030020A003002003
:10956C00A8030020A8030020B0030020B0030020B3
:10957C00B8030020B8030020C0030020C003002063
:10958C00C8030020C8030020D0030020D003002013
:10959C00D8030020D8030020E0030020E0030020C3
:1095AC00E8030020E8030020F0030020F003002073
:1095BC00F8030020F8030020000400200004002021
:1095CC0008040020080400201004002010040020CF
:1095DC00180400201804002020040020200400207F
:1095EC00280400202804002030040020300400202F
:1095FC0038040020380400204004002040040020DF
:10960C00480400204804002050040020500400208E
:10961C00580400205804002060040020600400203E
:10962C006804002068040020FFFFFFFF0000020018
:10963C008804002000000000000000007C0E0020C8
:10964C00E40E00204C0F0020000000000000000081
:10965C0000000000000000000000000000000000FE
:10966C0000000000000000000000000000000000EE
:10967C0000000000000000000000000000000000DE
:10968C0000000000000000000000000000000000CE
:10969C0000000000000000000000000000000000BE
:1096AC0000000000000000000000000000000000AE
:1096BC00000000000000000000000000000000009E
:1096CC00000000000000000000000000000000008E
:1096DC0001000000000000000E33CDAB34126DE62B
:1096EC00ECDE05000B000000000000000000000094
:1096FC00000000000000000000000000000000005E
:10970C00000000000000000000000000000000004D
:10971C00000000000000000000000000000000003D
:10972C00000000000000000000000000000000002D
:10973C00000000000000000000000000000000001D
:10974C00000000000000000000000000000000000D
:10975C0000000000000000000000000003000000FA
:10976C007C0E0020D9880010690200104102001004
:0400000510006DA5D5
:00000001FF
